Time Range,mmsi,Entry Timestamp,Exit Timestamp,Vessel Presence Hours
"2024-07-18T00:00:00.000Z,2024-08-19T00:00:00.000Z",416001252,2024-08-07T00:00:00Z,2024-08-17T23:00:00Z,264
"2024-07-18T00:00:00.000Z,2024-08-19T00:00:00.000Z",257248000,2024-07-18T00:00:00Z,2024-07-19T07:00:00Z,32
"2024-07-18T00:00:00.000Z,2024-08-19T00:00:00.000Z",412420537,2024-07-25T02:00:00Z,2024-08-17T23:00:00Z,567
"2024-07-18T00:00:00.000Z,2024-08-19T00:00:00.000Z",412420454,2024-08-05T05:00:00Z,2024-08-17T23:00:00Z,290
"2024-07-18T00:00:00.000Z,2024-08-19T00:00:00.000Z",412549529,2024-07-21T20:00:00Z,2024-08-02T23:00:00Z,285
"2024-07-18T00:00:00.000Z,2024-08-19T00:00:00.000Z",416004775,2024-07-22T11:00:00Z,2024-08-17T23:00:00Z,141
"2024-07-18T00:00:00.000Z,2024-08-19T00:00:00.000Z",431632000,2024-07-20T20:00:00Z,2024-07-27T18:00:00Z,160
"2024-07-18T00:00:00.000Z,2024-08-19T00:00:00.000Z",412209135,2024-07-18T18:00:00Z,2024-08-17T16:00:00Z,213
"2024-07-18T00:00:00.000Z,2024-08-19T00:00:00.000Z",416758000,2024-07-18T00:00:00Z,2024-08-17T23:00:00Z,317
"2024-07-18T00:00:00.000Z,2024-08-19T00:00:00.000Z",416243800,2024-07-18T00:00:00Z,2024-08-17T23:00:00Z,52
"2024-07-18T00:00:00.000Z,2024-08-19T00:00:00.000Z",412329654,2024-07-18T00:00:00Z,2024-08-15T15:00:00Z,151
"2024-07-18T00:00:00.000Z,2024-08-19T00:00:00.000Z",412549512,2024-07-19T18:00:00Z,2024-08-17T15:00:00Z,694
"2024-07-18T00:00:00.000Z,2024-08-19T00:00:00.000Z",412421022,2024-07-18T00:00:00Z,2024-08-17T18:00:00Z,550
"2024-07-18T00:00:00.000Z,2024-08-19T00:00:00.000Z",431710000,2024-08-07T21:00:00Z,2024-08-13T07:00:00Z,131
"2024-07-18T00:00:00.000Z,2024-08-19T00:00:00.000Z",416002201,2024-07-18T00:00:00Z,2024-08-08T10:00:00Z,191
"2024-07-18T00:00:00.000Z,2024-08-19T00:00:00.000Z",412440513,2024-07-18T02:00:00Z,2024-08-17T19:00:00Z,84
"2024-07-18T00:00:00.000Z,2024-08-19T00:00:00.000Z",431501786,2024-08-06T04:00:00Z,2024-08-17T22:00:00Z,117
"2024-07-18T00:00:00.000Z,2024-08-19T00:00:00.000Z",416248900,2024-08-10T21:00:00Z,2024-08-17T23:00:00Z,68
"2024-07-18T00:00:00.000Z,2024-08-19T00:00:00.000Z",431171000,2024-07-18T00:00:00Z,2024-08-01T12:00:00Z,349
"2024-07-18T00:00:00.000Z,2024-08-19T00:00:00.000Z",416004363,2024-08-06T04:00:00Z,2024-08-17T23:00:00Z,282
"2024-07-18T00:00:00.000Z,2024-08-19T00:00:00.000Z",412209143,2024-07-18T00:00:00Z,2024-08-17T23:00:00Z,742
"2024-07-18T00:00:00.000Z,2024-08-19T00:00:00.000Z",416002465,2024-07-18T10:00:00Z,2024-07-28T23:00:00Z,19
"2024-07-18T00:00:00.000Z,2024-08-19T00:00:00.000Z",412440246,2024-07-18T18:00:00Z,2024-08-17T23:00:00Z,288
"2024-07-18T00:00:00.000Z,2024-08-19T00:00:00.000Z",416004729,2024-08-02T03:00:00Z,2024-08-17T04:00:00Z,33
"2024-07-18T00:00:00.000Z,2024-08-19T00:00:00.000Z",412329634,2024-07-18T00:00:00Z,2024-08-17T20:00:00Z,287
"2024-07-18T00:00:00.000Z,2024-08-19T00:00:00.000Z",431426000,2024-07-18T23:00:00Z,2024-07-31T03:00:00Z,118
"2024-07-18T00:00:00.000Z,2024-08-19T00:00:00.000Z",416005571,2024-08-11T07:00:00Z,2024-08-17T23:00:00Z,110
"2024-07-18T00:00:00.000Z,2024-08-19T00:00:00.000Z",412549017,2024-07-18T00:00:00Z,2024-08-17T20:00:00Z,336
"2024-07-18T00:00:00.000Z,2024-08-19T00:00:00.000Z",431378000,2024-08-02T06:00:00Z,2024-08-10T06:00:00Z,193
"2024-07-18T00:00:00.000Z,2024-08-19T00:00:00.000Z",412422732,2024-07-18T00:00:00Z,2024-08-17T18:00:00Z,566
"2024-07-18T00:00:00.000Z,2024-08-19T00:00:00.000Z",416189700,2024-08-17T17:00:00Z,2024-08-17T23:00:00Z,7
"2024-07-18T00:00:00.000Z,2024-08-19T00:00:00.000Z",416000993,2024-07-18T00:00:00Z,2024-08-14T09:00:00Z,431
"2024-07-18T00:00:00.000Z,2024-08-19T00:00:00.000Z",432936000,2024-08-02T07:00:00Z,2024-08-17T23:00:00Z,225
"2024-07-18T00:00:00.000Z,2024-08-19T00:00:00.000Z",416005995,2024-07-26T22:00:00Z,2024-08-14T03:00:00Z,166
"2024-07-18T00:00:00.000Z,2024-08-19T00:00:00.000Z",412440485,2024-07-18T02:00:00Z,2024-08-17T22:00:00Z,383
"2024-07-18T00:00:00.000Z,2024-08-19T00:00:00.000Z",431004618,2024-07-18T00:00:00Z,2024-08-17T23:00:00Z,431
"2024-07-18T00:00:00.000Z,2024-08-19T00:00:00.000Z",431500801,2024-07-18T01:00:00Z,2024-08-17T23:00:00Z,437
"2024-07-18T00:00:00.000Z,2024-08-19T00:00:00.000Z",412440684,2024-07-18T00:00:00Z,2024-08-17T23:00:00Z,695
"2024-07-18T00:00:00.000Z,2024-08-19T00:00:00.000Z",412671980,2024-07-18T00:00:00Z,2024-07-21T04:00:00Z,77
"2024-07-18T00:00:00.000Z,2024-08-19T00:00:00.000Z",432425000,2024-07-18T00:00:00Z,2024-07-24T05:00:00Z,43
"2024-07-18T00:00:00.000Z,2024-08-19T00:00:00.000Z",431346000,2024-07-19T20:00:00Z,2024-07-23T21:00:00Z,48
"2024-07-18T00:00:00.000Z,2024-08-19T00:00:00.000Z",431000870,2024-07-18T00:00:00Z,2024-08-17T23:00:00Z,416
"2024-07-18T00:00:00.000Z,2024-08-19T00:00:00.000Z",416253500,2024-07-18T00:00:00Z,2024-08-17T23:00:00Z,175
"2024-07-18T00:00:00.000Z,2024-08-19T00:00:00.000Z",994162789,2024-08-03T08:00:00Z,2024-08-17T23:00:00Z,236
"2024-07-18T00:00:00.000Z,2024-08-19T00:00:00.000Z",416005506,2024-07-28T06:00:00Z,2024-08-06T03:00:00Z,170
"2024-07-18T00:00:00.000Z,2024-08-19T00:00:00.000Z",431225000,2024-07-22T03:00:00Z,2024-07-27T01:00:00Z,119
"2024-07-18T00:00:00.000Z,2024-08-19T00:00:00.000Z",412440243,2024-07-18T00:00:00Z,2024-08-17T23:00:00Z,686
"2024-07-18T00:00:00.000Z,2024-08-19T00:00:00.000Z",416219600,2024-07-18T00:00:00Z,2024-08-17T23:00:00Z,692
"2024-07-18T00:00:00.000Z,2024-08-19T00:00:00.000Z",431700350,2024-07-18T00:00:00Z,2024-08-05T04:00:00Z,228
"2024-07-18T00:00:00.000Z,2024-08-19T00:00:00.000Z",412420938,2024-07-18T17:00:00Z,2024-08-17T03:00:00Z,226
"2024-07-18T00:00:00.000Z,2024-08-19T00:00:00.000Z",416002799,2024-07-18T00:00:00Z,2024-07-27T06:00:00Z,175
"2024-07-18T00:00:00.000Z,2024-08-19T00:00:00.000Z",416251600,2024-07-18T00:00:00Z,2024-08-17T23:00:00Z,54
"2024-07-18T00:00:00.000Z,2024-08-19T00:00:00.000Z",412421036,2024-07-18T00:00:00Z,2024-08-17T23:00:00Z,742
"2024-07-18T00:00:00.000Z,2024-08-19T00:00:00.000Z",412549032,2024-07-24T18:00:00Z,2024-07-30T15:00:00Z,142
"2024-07-18T00:00:00.000Z,2024-08-19T00:00:00.000Z",416000206,2024-07-18T05:00:00Z,2024-07-30T19:00:00Z,79
"2024-07-18T00:00:00.000Z,2024-08-19T00:00:00.000Z",431000356,2024-07-24T10:00:00Z,2024-08-13T13:00:00Z,350
"2024-07-18T00:00:00.000Z,2024-08-19T00:00:00.000Z",800030681,2024-07-21T05:00:00Z,2024-08-15T20:00:00Z,1214
"2024-07-18T00:00:00.000Z,2024-08-19T00:00:00.000Z",416007978,2024-08-09T13:00:00Z,2024-08-17T23:00:00Z,203
"2024-07-18T00:00:00.000Z,2024-08-19T00:00:00.000Z",416252600,2024-08-10T23:00:00Z,2024-08-17T23:00:00Z,85
"2024-07-18T00:00:00.000Z,2024-08-19T00:00:00.000Z",412549096,2024-07-25T10:00:00Z,2024-08-14T07:00:00Z,24
"2024-07-18T00:00:00.000Z,2024-08-19T00:00:00.000Z",416002443,2024-07-18T00:00:00Z,2024-08-17T22:00:00Z,582
"2024-07-18T00:00:00.000Z,2024-08-19T00:00:00.000Z",412329683,2024-08-03T07:00:00Z,2024-08-17T05:00:00Z,72
"2024-07-18T00:00:00.000Z,2024-08-19T00:00:00.000Z",431722000,2024-07-18T00:00:00Z,2024-08-06T22:00:00Z,479
"2024-07-18T00:00:00.000Z,2024-08-19T00:00:00.000Z",416000855,2024-07-18T00:00:00Z,2024-08-04T15:00:00Z,297
"2024-07-18T00:00:00.000Z,2024-08-19T00:00:00.000Z",416004048,2024-07-18T01:00:00Z,2024-08-08T04:00:00Z,192
"2024-07-18T00:00:00.000Z,2024-08-19T00:00:00.000Z",431372000,2024-08-11T19:00:00Z,2024-08-14T05:00:00Z,23
"2024-07-18T00:00:00.000Z,2024-08-19T00:00:00.000Z",431749000,2024-08-11T09:00:00Z,2024-08-17T23:00:00Z,159
"2024-07-18T00:00:00.000Z,2024-08-19T00:00:00.000Z",431693000,2024-07-18T00:00:00Z,2024-07-23T05:00:00Z,114
"2024-07-18T00:00:00.000Z,2024-08-19T00:00:00.000Z",412331059,2024-07-18T00:00:00Z,2024-08-17T21:00:00Z,391
"2024-07-18T00:00:00.000Z,2024-08-19T00:00:00.000Z",431004044,2024-08-11T18:00:00Z,2024-08-13T05:00:00Z,13
"2024-07-18T00:00:00.000Z,2024-08-19T00:00:00.000Z",412440698,2024-07-18T00:00:00Z,2024-08-17T23:00:00Z,686
"2024-07-18T00:00:00.000Z,2024-08-19T00:00:00.000Z",431200184,2024-07-21T05:00:00Z,2024-07-29T22:00:00Z,5
"2024-07-18T00:00:00.000Z,2024-08-19T00:00:00.000Z",431200140,2024-07-18T03:00:00Z,2024-07-28T15:00:00Z,39
"2024-07-18T00:00:00.000Z,2024-08-19T00:00:00.000Z",412421076,2024-07-18T00:00:00Z,2024-08-17T23:00:00Z,727
"2024-07-18T00:00:00.000Z,2024-08-19T00:00:00.000Z",416229500,2024-07-18T04:00:00Z,2024-07-23T17:00:00Z,38
"2024-07-18T00:00:00.000Z,2024-08-19T00:00:00.000Z",273295580,2024-07-20T01:00:00Z,2024-07-20T03:00:00Z,3
"2024-07-18T00:00:00.000Z,2024-08-19T00:00:00.000Z",412440424,2024-08-08T23:00:00Z,2024-08-12T09:00:00Z,32
"2024-07-18T00:00:00.000Z,2024-08-19T00:00:00.000Z",412549576,2024-07-18T00:00:00Z,2024-08-17T23:00:00Z,466
"2024-07-18T00:00:00.000Z,2024-08-19T00:00:00.000Z",412329678,2024-07-18T13:00:00Z,2024-08-17T23:00:00Z,188
"2024-07-18T00:00:00.000Z,2024-08-19T00:00:00.000Z",412440253,2024-08-07T23:00:00Z,2024-08-07T23:00:00Z,1
"2024-07-18T00:00:00.000Z,2024-08-19T00:00:00.000Z",431001270,2024-07-18T00:00:00Z,2024-08-17T23:00:00Z,453
"2024-07-18T00:00:00.000Z,2024-08-19T00:00:00.000Z",432256000,2024-07-18T18:00:00Z,2024-07-27T20:00:00Z,71
"2024-07-18T00:00:00.000Z,2024-08-19T00:00:00.000Z",431900202,2024-07-23T20:00:00Z,2024-08-17T23:00:00Z,469
"2024-07-18T00:00:00.000Z,2024-08-19T00:00:00.000Z",416000594,2024-07-18T00:00:00Z,2024-08-07T23:00:00Z,385
"2024-07-18T00:00:00.000Z,2024-08-19T00:00:00.000Z",431311000,2024-07-18T01:00:00Z,2024-07-28T05:00:00Z,60
"2024-07-18T00:00:00.000Z,2024-08-19T00:00:00.000Z",412549511,2024-07-18T00:00:00Z,2024-08-17T15:00:00Z,729
"2024-07-18T00:00:00.000Z,2024-08-19T00:00:00.000Z",412401580,2024-07-18T00:00:00Z,2024-08-15T23:00:00Z,56
"2024-07-18T00:00:00.000Z,2024-08-19T00:00:00.000Z",412440686,2024-07-18T17:00:00Z,2024-08-17T06:00:00Z,89
"2024-07-18T00:00:00.000Z,2024-08-19T00:00:00.000Z",412420807,2024-07-18T00:00:00Z,2024-07-20T03:00:00Z,52
"2024-07-18T00:00:00.000Z,2024-08-19T00:00:00.000Z",412549404,2024-07-18T00:00:00Z,2024-08-17T19:00:00Z,413
"2024-07-18T00:00:00.000Z,2024-08-19T00:00:00.000Z",431107000,2024-08-11T19:00:00Z,2024-08-14T05:00:00Z,24
"2024-07-18T00:00:00.000Z,2024-08-19T00:00:00.000Z",416000275,2024-07-29T00:00:00Z,2024-08-02T23:00:00Z,89
"2024-07-18T00:00:00.000Z,2024-08-19T00:00:00.000Z",412440685,2024-07-18T00:00:00Z,2024-08-17T23:00:00Z,731
"2024-07-18T00:00:00.000Z,2024-08-19T00:00:00.000Z",431002127,2024-07-23T21:00:00Z,2024-08-16T05:00:00Z,256
"2024-07-18T00:00:00.000Z,2024-08-19T00:00:00.000Z",431501731,2024-07-18T01:00:00Z,2024-08-17T23:00:00Z,392
"2024-07-18T00:00:00.000Z,2024-08-19T00:00:00.000Z",431215000,2024-07-18T00:00:00Z,2024-08-15T22:00:00Z,480
"2024-07-18T00:00:00.000Z,2024-08-19T00:00:00.000Z",432873000,2024-08-11T19:00:00Z,2024-08-14T04:00:00Z,25
"2024-07-18T00:00:00.000Z,2024-08-19T00:00:00.000Z",412440249,2024-07-18T18:00:00Z,2024-08-17T23:00:00Z,232
"2024-07-18T00:00:00.000Z,2024-08-19T00:00:00.000Z",412440244,2024-07-18T02:00:00Z,2024-08-17T23:00:00Z,551
"2024-07-18T00:00:00.000Z,2024-08-19T00:00:00.000Z",431200060,2024-07-18T01:00:00Z,2024-08-17T23:00:00Z,274
"2024-07-18T00:00:00.000Z,2024-08-19T00:00:00.000Z",412549367,2024-07-18T00:00:00Z,2024-08-17T23:00:00Z,743
"2024-07-18T00:00:00.000Z,2024-08-19T00:00:00.000Z",416000833,2024-07-25T12:00:00Z,2024-08-17T22:00:00Z,431
"2024-07-18T00:00:00.000Z,2024-08-19T00:00:00.000Z",412549498,2024-07-18T00:00:00Z,2024-08-17T23:00:00Z,744
"2024-07-18T00:00:00.000Z,2024-08-19T00:00:00.000Z",412330149,2024-08-10T04:00:00Z,2024-08-17T22:00:00Z,87
"2024-07-18T00:00:00.000Z,2024-08-19T00:00:00.000Z",432872000,2024-08-11T18:00:00Z,2024-08-14T04:00:00Z,33
"2024-07-18T00:00:00.000Z,2024-08-19T00:00:00.000Z",412420978,2024-07-18T00:00:00Z,2024-08-17T19:00:00Z,676
"2024-07-18T00:00:00.000Z,2024-08-19T00:00:00.000Z",628000012,2024-07-31T00:00:00Z,2024-08-17T23:00:00Z,313
"2024-07-18T00:00:00.000Z,2024-08-19T00:00:00.000Z",416225800,2024-07-18T00:00:00Z,2024-07-27T19:00:00Z,200
"2024-07-18T00:00:00.000Z,2024-08-19T00:00:00.000Z",412420597,2024-07-18T00:00:00Z,2024-08-17T20:00:00Z,426
"2024-07-18T00:00:00.000Z,2024-08-19T00:00:00.000Z",412549364,2024-07-18T00:00:00Z,2024-08-17T23:00:00Z,725
"2024-07-18T00:00:00.000Z,2024-08-19T00:00:00.000Z",412439598,2024-07-18T00:00:00Z,2024-08-17T20:00:00Z,649
"2024-07-18T00:00:00.000Z,2024-08-19T00:00:00.000Z",412439608,2024-07-18T00:00:00Z,2024-08-17T21:00:00Z,408
"2024-07-18T00:00:00.000Z,2024-08-19T00:00:00.000Z",431200970,2024-07-18T00:00:00Z,2024-08-17T23:00:00Z,407
"2024-07-18T00:00:00.000Z,2024-08-19T00:00:00.000Z",412549358,2024-08-07T06:00:00Z,2024-08-17T23:00:00Z,256
"2024-07-18T00:00:00.000Z,2024-08-19T00:00:00.000Z",412440368,2024-07-18T00:00:00Z,2024-08-17T23:00:00Z,668
"2024-07-18T00:00:00.000Z,2024-08-19T00:00:00.000Z",416002747,2024-07-18T00:00:00Z,2024-07-30T08:00:00Z,143
"2024-07-18T00:00:00.000Z,2024-08-19T00:00:00.000Z",416002194,2024-07-18T00:00:00Z,2024-08-06T05:00:00Z,462
"2024-07-18T00:00:00.000Z,2024-08-19T00:00:00.000Z",416253600,2024-07-22T16:00:00Z,2024-07-28T21:00:00Z,67
"2024-07-18T00:00:00.000Z,2024-08-19T00:00:00.000Z",994162782,2024-08-03T06:00:00Z,2024-08-17T23:00:00Z,243
"2024-07-18T00:00:00.000Z,2024-08-19T00:00:00.000Z",431255000,2024-07-18T00:00:00Z,2024-08-13T18:00:00Z,643
"2024-07-18T00:00:00.000Z,2024-08-19T00:00:00.000Z",412549137,2024-07-18T00:00:00Z,2024-08-17T23:00:00Z,574
"2024-07-18T00:00:00.000Z,2024-08-19T00:00:00.000Z",412421009,2024-07-18T00:00:00Z,2024-08-17T23:00:00Z,601
"2024-07-18T00:00:00.000Z,2024-08-19T00:00:00.000Z",431005871,2024-08-15T09:00:00Z,2024-08-16T19:00:00Z,16
"2024-07-18T00:00:00.000Z,2024-08-19T00:00:00.000Z",412331054,2024-07-18T00:00:00Z,2024-08-17T23:00:00Z,461
"2024-07-18T00:00:00.000Z,2024-08-19T00:00:00.000Z",412421146,2024-07-18T00:00:00Z,2024-08-17T16:00:00Z,525
"2024-07-18T00:00:00.000Z,2024-08-19T00:00:00.000Z",412440681,2024-07-18T00:00:00Z,2024-08-17T23:00:00Z,426
"2024-07-18T00:00:00.000Z,2024-08-19T00:00:00.000Z",412206008,2024-07-29T22:00:00Z,2024-08-06T04:00:00Z,151
"2024-07-18T00:00:00.000Z,2024-08-19T00:00:00.000Z",412549366,2024-07-18T00:00:00Z,2024-08-17T23:00:00Z,734
"2024-07-18T00:00:00.000Z,2024-08-19T00:00:00.000Z",412549487,2024-07-18T00:00:00Z,2024-08-17T23:00:00Z,742
"2024-07-18T00:00:00.000Z,2024-08-19T00:00:00.000Z",412549014,2024-07-18T00:00:00Z,2024-08-17T20:00:00Z,386
"2024-07-18T00:00:00.000Z,2024-08-19T00:00:00.000Z",412401580,2024-08-03T04:00:00Z,2024-08-06T08:00:00Z,14
"2024-07-18T00:00:00.000Z,2024-08-19T00:00:00.000Z",431600610,2024-07-18T02:00:00Z,2024-08-06T23:00:00Z,323
"2024-07-18T00:00:00.000Z,2024-08-19T00:00:00.000Z",412440687,2024-07-18T00:00:00Z,2024-08-11T10:00:00Z,578
"2024-07-18T00:00:00.000Z,2024-08-19T00:00:00.000Z",412549036,2024-07-27T17:00:00Z,2024-08-17T23:00:00Z,399
"2024-07-18T00:00:00.000Z,2024-08-19T00:00:00.000Z",412420003,2024-07-21T20:00:00Z,2024-07-27T16:00:00Z,140
"2024-07-18T00:00:00.000Z,2024-08-19T00:00:00.000Z",412549371,2024-07-18T00:00:00Z,2024-08-17T23:00:00Z,737
"2024-07-18T00:00:00.000Z,2024-08-19T00:00:00.000Z",412421011,2024-07-18T00:00:00Z,2024-08-17T23:00:00Z,654
"2024-07-18T00:00:00.000Z,2024-08-19T00:00:00.000Z",412440486,2024-07-18T01:00:00Z,2024-08-17T22:00:00Z,475
"2024-07-18T00:00:00.000Z,2024-08-19T00:00:00.000Z",412420872,2024-07-30T00:00:00Z,2024-08-17T23:00:00Z,373
"2024-07-18T00:00:00.000Z,2024-08-19T00:00:00.000Z",416002938,2024-07-18T01:00:00Z,2024-07-30T19:00:00Z,250
"2024-07-18T00:00:00.000Z,2024-08-19T00:00:00.000Z",431864000,2024-08-04T21:00:00Z,2024-08-05T19:00:00Z,23
"2024-07-18T00:00:00.000Z,2024-08-19T00:00:00.000Z",431200130,2024-07-19T16:00:00Z,2024-07-28T23:00:00Z,89
"2024-07-18T00:00:00.000Z,2024-08-19T00:00:00.000Z",416234600,2024-08-17T01:00:00Z,2024-08-17T23:00:00Z,12
"2024-07-18T00:00:00.000Z,2024-08-19T00:00:00.000Z",416250700,2024-08-12T14:00:00Z,2024-08-17T23:00:00Z,31
"2024-07-18T00:00:00.000Z,2024-08-19T00:00:00.000Z",412549292,2024-07-18T16:00:00Z,2024-08-17T21:00:00Z,234
"2024-07-18T00:00:00.000Z,2024-08-19T00:00:00.000Z",412549359,2024-07-18T16:00:00Z,2024-08-17T23:00:00Z,413
"2024-07-18T00:00:00.000Z,2024-08-19T00:00:00.000Z",431010887,2024-07-18T00:00:00Z,2024-08-17T23:00:00Z,295
"2024-07-18T00:00:00.000Z,2024-08-19T00:00:00.000Z",416002127,2024-07-18T03:00:00Z,2024-08-17T19:00:00Z,486
"2024-07-18T00:00:00.000Z,2024-08-19T00:00:00.000Z",416005531,2024-07-18T00:00:00Z,2024-08-17T23:00:00Z,388
"2024-07-18T00:00:00.000Z,2024-08-19T00:00:00.000Z",416005510,2024-07-21T14:00:00Z,2024-08-17T23:00:00Z,124
"2024-07-18T00:00:00.000Z,2024-08-19T00:00:00.000Z",416008893,2024-07-26T12:00:00Z,2024-08-01T04:00:00Z,103
"2024-07-18T00:00:00.000Z,2024-08-19T00:00:00.000Z",431484000,2024-07-18T00:00:00Z,2024-08-17T23:00:00Z,380
"2024-07-18T00:00:00.000Z,2024-08-19T00:00:00.000Z",416003409,2024-07-18T00:00:00Z,2024-07-20T23:00:00Z,11
"2024-07-18T00:00:00.000Z,2024-08-19T00:00:00.000Z",431579000,2024-07-18T00:00:00Z,2024-08-17T23:00:00Z,545
"2024-07-18T00:00:00.000Z,2024-08-19T00:00:00.000Z",431763000,2024-07-18T20:00:00Z,2024-07-28T13:00:00Z,51
"2024-07-18T00:00:00.000Z,2024-08-19T00:00:00.000Z",412300376,2024-07-18T00:00:00Z,2024-08-17T23:00:00Z,669
"2024-07-18T00:00:00.000Z,2024-08-19T00:00:00.000Z",416001519,2024-07-18T00:00:00Z,2024-08-17T23:00:00Z,727
"2024-07-18T00:00:00.000Z,2024-08-19T00:00:00.000Z",412329658,2024-07-18T00:00:00Z,2024-08-17T23:00:00Z,383
"2024-07-18T00:00:00.000Z,2024-08-19T00:00:00.000Z",416254500,2024-07-24T08:00:00Z,2024-08-17T23:00:00Z,222
"2024-07-18T00:00:00.000Z,2024-08-19T00:00:00.000Z",416002147,2024-07-18T00:00:00Z,2024-07-20T04:00:00Z,21
"2024-07-18T00:00:00.000Z,2024-08-19T00:00:00.000Z",431000546,2024-07-18T01:00:00Z,2024-08-17T23:00:00Z,690
"2024-07-18T00:00:00.000Z,2024-08-19T00:00:00.000Z",431200042,2024-07-27T08:00:00Z,2024-07-27T10:00:00Z,2
"2024-07-18T00:00:00.000Z,2024-08-19T00:00:00.000Z",412549135,2024-07-18T00:00:00Z,2024-08-17T23:00:00Z,724
"2024-07-18T00:00:00.000Z,2024-08-19T00:00:00.000Z",431200170,2024-07-19T21:00:00Z,2024-07-28T11:00:00Z,71
"2024-07-18T00:00:00.000Z,2024-08-19T00:00:00.000Z",308122000,2024-07-19T03:00:00Z,2024-07-19T20:00:00Z,18
"2024-07-18T00:00:00.000Z,2024-08-19T00:00:00.000Z",412440384,2024-07-18T02:00:00Z,2024-08-16T05:00:00Z,80
"2024-07-18T00:00:00.000Z,2024-08-19T00:00:00.000Z",412422734,2024-07-18T00:00:00Z,2024-08-17T04:00:00Z,118
"2024-07-18T00:00:00.000Z,2024-08-19T00:00:00.000Z",431004286,2024-07-18T00:00:00Z,2024-07-30T21:00:00Z,273
"2024-07-18T00:00:00.000Z,2024-08-19T00:00:00.000Z",628000012,2024-07-18T03:00:00Z,2024-08-16T23:00:00Z,245
"2024-07-18T00:00:00.000Z,2024-08-19T00:00:00.000Z",432874000,2024-07-18T00:00:00Z,2024-08-17T23:00:00Z,505
"2024-07-18T00:00:00.000Z,2024-08-19T00:00:00.000Z",412549501,2024-08-07T23:00:00Z,2024-08-17T19:00:00Z,237
"2024-07-18T00:00:00.000Z,2024-08-19T00:00:00.000Z",412440482,2024-07-18T03:00:00Z,2024-08-17T23:00:00Z,478
"2024-07-18T00:00:00.000Z,2024-08-19T00:00:00.000Z",431600960,2024-07-18T03:00:00Z,2024-07-31T07:00:00Z,75
"2024-07-18T00:00:00.000Z,2024-08-19T00:00:00.000Z",636021539,2024-07-24T05:00:00Z,2024-07-30T08:00:00Z,148
"2024-07-18T00:00:00.000Z,2024-08-19T00:00:00.000Z",431200254,2024-07-20T05:00:00Z,2024-07-27T16:00:00Z,87
"2024-07-18T00:00:00.000Z,2024-08-19T00:00:00.000Z",416002291,2024-07-18T00:00:00Z,2024-07-27T21:00:00Z,203
"2024-07-18T00:00:00.000Z,2024-08-19T00:00:00.000Z",416189700,2024-07-20T13:00:00Z,2024-08-12T04:00:00Z,118
"2024-07-18T00:00:00.000Z,2024-08-19T00:00:00.000Z",412439762,2024-07-18T00:00:00Z,2024-08-17T19:00:00Z,299
"2024-07-18T00:00:00.000Z,2024-08-19T00:00:00.000Z",416002216,2024-07-18T00:00:00Z,2024-08-07T18:00:00Z,494
"2024-07-18T00:00:00.000Z,2024-08-19T00:00:00.000Z",412549572,2024-07-18T00:00:00Z,2024-08-17T23:00:00Z,744
"2024-07-18T00:00:00.000Z,2024-08-19T00:00:00.000Z",416241700,2024-08-02T03:00:00Z,2024-08-11T04:00:00Z,3
"2024-07-18T00:00:00.000Z,2024-08-19T00:00:00.000Z",412421012,2024-07-18T00:00:00Z,2024-08-17T23:00:00Z,640
"2024-07-18T00:00:00.000Z,2024-08-19T00:00:00.000Z",432497000,2024-07-20T22:00:00Z,2024-07-27T18:00:00Z,109
"2024-07-18T00:00:00.000Z,2024-08-19T00:00:00.000Z",412331061,2024-07-18T00:00:00Z,2024-08-17T21:00:00Z,367
"2024-07-18T00:00:00.000Z,2024-08-19T00:00:00.000Z",412549601,2024-07-19T04:00:00Z,2024-08-17T23:00:00Z,692
"2024-07-18T00:00:00.000Z,2024-08-19T00:00:00.000Z",431000860,2024-07-18T00:00:00Z,2024-08-17T23:00:00Z,335
"2024-07-18T00:00:00.000Z,2024-08-19T00:00:00.000Z",412439761,2024-07-18T00:00:00Z,2024-08-17T23:00:00Z,441
"2024-07-18T00:00:00.000Z,2024-08-19T00:00:00.000Z",431602570,2024-07-18T00:00:00Z,2024-07-27T05:00:00Z,109
"2024-07-18T00:00:00.000Z,2024-08-19T00:00:00.000Z",416004842,2024-08-03T23:00:00Z,2024-08-11T01:00:00Z,107
"2024-07-18T00:00:00.000Z,2024-08-19T00:00:00.000Z",412421008,2024-07-18T00:00:00Z,2024-08-17T23:00:00Z,554
"2024-07-18T00:00:00.000Z,2024-08-19T00:00:00.000Z",416004857,2024-07-30T13:00:00Z,2024-08-17T23:00:00Z,47
"2024-07-18T00:00:00.000Z,2024-08-19T00:00:00.000Z",412440479,2024-07-18T03:00:00Z,2024-08-17T18:00:00Z,315
"2024-07-18T00:00:00.000Z,2024-08-19T00:00:00.000Z",416228900,2024-07-18T10:00:00Z,2024-08-01T02:00:00Z,30
"2024-07-18T00:00:00.000Z,2024-08-19T00:00:00.000Z",412549507,2024-07-18T00:00:00Z,2024-08-17T17:00:00Z,689
"2024-07-18T00:00:00.000Z,2024-08-19T00:00:00.000Z",416528000,2024-07-18T00:00:00Z,2024-08-17T23:00:00Z,487
"2024-07-18T00:00:00.000Z,2024-08-19T00:00:00.000Z",412440655,2024-07-18T00:00:00Z,2024-08-17T23:00:00Z,315
"2024-07-18T00:00:00.000Z,2024-08-19T00:00:00.000Z",416003735,2024-07-25T15:00:00Z,2024-07-25T15:00:00Z,1
"2024-07-18T00:00:00.000Z,2024-08-19T00:00:00.000Z",416251800,2024-07-18T00:00:00Z,2024-08-17T23:00:00Z,300
"2024-07-18T00:00:00.000Z,2024-08-19T00:00:00.000Z",416236800,2024-07-18T00:00:00Z,2024-08-10T04:00:00Z,234
"2024-07-18T00:00:00.000Z,2024-08-19T00:00:00.000Z",412439742,2024-08-17T00:00:00Z,2024-08-17T16:00:00Z,6
"2024-07-18T00:00:00.000Z,2024-08-19T00:00:00.000Z",416005877,2024-07-18T00:00:00Z,2024-08-17T23:00:00Z,96
"2024-07-18T00:00:00.000Z,2024-08-19T00:00:00.000Z",412440484,2024-07-18T00:00:00Z,2024-08-17T23:00:00Z,727
"2024-07-18T00:00:00.000Z,2024-08-19T00:00:00.000Z",431700574,2024-07-18T01:00:00Z,2024-08-17T23:00:00Z,436
"2024-07-18T00:00:00.000Z,2024-08-19T00:00:00.000Z",353773000,2024-08-02T00:00:00Z,2024-08-06T13:00:00Z,110
"2024-07-18T00:00:00.000Z,2024-08-19T00:00:00.000Z",412549493,2024-07-18T00:00:00Z,2024-08-17T23:00:00Z,744
"2024-07-18T00:00:00.000Z,2024-08-19T00:00:00.000Z",416227800,2024-07-18T00:00:00Z,2024-07-30T01:00:00Z,249
"2024-07-18T00:00:00.000Z,2024-08-19T00:00:00.000Z",431601080,2024-07-18T00:00:00Z,2024-07-25T00:00:00Z,75
"2024-07-18T00:00:00.000Z,2024-08-19T00:00:00.000Z",416004903,2024-07-19T11:00:00Z,2024-08-15T23:00:00Z,251
"2024-07-18T00:00:00.000Z,2024-08-19T00:00:00.000Z",431600490,2024-08-06T04:00:00Z,2024-08-17T23:00:00Z,155
"2024-07-18T00:00:00.000Z,2024-08-19T00:00:00.000Z",431701760,2024-07-18T00:00:00Z,2024-08-14T05:00:00Z,520
"2024-07-18T00:00:00.000Z,2024-08-19T00:00:00.000Z",412549338,2024-07-18T00:00:00Z,2024-08-17T23:00:00Z,744
"2024-07-18T00:00:00.000Z,2024-08-19T00:00:00.000Z",431600620,2024-07-18T00:00:00Z,2024-08-07T07:00:00Z,319
"2024-07-18T00:00:00.000Z,2024-08-19T00:00:00.000Z",412300377,2024-07-18T00:00:00Z,2024-08-17T23:00:00Z,744
"2024-07-18T00:00:00.000Z,2024-08-19T00:00:00.000Z",431000820,2024-07-18T00:00:00Z,2024-08-17T23:00:00Z,681
"2024-07-18T00:00:00.000Z,2024-08-19T00:00:00.000Z",412421078,2024-07-18T00:00:00Z,2024-08-03T11:00:00Z,396
"2024-07-18T00:00:00.000Z,2024-08-19T00:00:00.000Z",431914000,2024-07-18T22:00:00Z,2024-08-17T23:00:00Z,550
"2024-07-18T00:00:00.000Z,2024-08-19T00:00:00.000Z",412440359,2024-08-03T07:00:00Z,2024-08-17T23:00:00Z,177
"2024-07-18T00:00:00.000Z,2024-08-19T00:00:00.000Z",412549509,2024-07-18T00:00:00Z,2024-08-17T17:00:00Z,738
"2024-07-18T00:00:00.000Z,2024-08-19T00:00:00.000Z",431600930,2024-07-20T04:00:00Z,2024-07-28T13:00:00Z,62
"2024-07-18T00:00:00.000Z,2024-08-19T00:00:00.000Z",431500130,2024-07-19T11:00:00Z,2024-08-17T23:00:00Z,334
"2024-07-18T00:00:00.000Z,2024-08-19T00:00:00.000Z",431801000,2024-07-18T00:00:00Z,2024-08-01T09:00:00Z,346
"2024-07-18T00:00:00.000Z,2024-08-19T00:00:00.000Z",431795000,2024-07-25T06:00:00Z,2024-08-17T23:00:00Z,568
"2024-07-18T00:00:00.000Z,2024-08-19T00:00:00.000Z",412549217,2024-07-18T00:00:00Z,2024-08-17T22:00:00Z,729
"2024-07-18T00:00:00.000Z,2024-08-19T00:00:00.000Z",412420455,2024-07-24T16:00:00Z,2024-08-15T23:00:00Z,535
"2024-07-18T00:00:00.000Z,2024-08-19T00:00:00.000Z",412209139,2024-07-18T10:00:00Z,2024-08-17T23:00:00Z,479
"2024-07-18T00:00:00.000Z,2024-08-19T00:00:00.000Z",432441000,2024-07-19T18:00:00Z,2024-07-28T18:00:00Z,107
"2024-07-18T00:00:00.000Z,2024-08-19T00:00:00.000Z",416002724,2024-07-18T00:00:00Z,2024-08-17T23:00:00Z,743
"2024-07-18T00:00:00.000Z,2024-08-19T00:00:00.000Z",412549556,2024-07-18T00:00:00Z,2024-07-25T13:00:00Z,75
"2024-07-18T00:00:00.000Z,2024-08-19T00:00:00.000Z",431501661,2024-07-20T04:00:00Z,2024-08-05T11:00:00Z,226
"2024-07-18T00:00:00.000Z,2024-08-19T00:00:00.000Z",412440481,2024-07-18T00:00:00Z,2024-08-17T23:00:00Z,372
"2024-07-18T00:00:00.000Z,2024-08-19T00:00:00.000Z",412549495,2024-07-18T00:00:00Z,2024-08-17T23:00:00Z,744
"2024-07-18T00:00:00.000Z,2024-08-19T00:00:00.000Z",412699220,2024-07-18T00:00:00Z,2024-08-17T20:00:00Z,329
"2024-07-18T00:00:00.000Z,2024-08-19T00:00:00.000Z",431200541,2024-07-26T16:00:00Z,2024-07-30T09:00:00Z,25
"2024-07-18T00:00:00.000Z,2024-08-19T00:00:00.000Z",416000412,2024-07-18T00:00:00Z,2024-08-17T23:00:00Z,738
"2024-07-18T00:00:00.000Z,2024-08-19T00:00:00.000Z",432907000,2024-08-08T19:00:00Z,2024-08-12T06:00:00Z,62
"2024-07-18T00:00:00.000Z,2024-08-19T00:00:00.000Z",100902447,2024-08-07T03:00:00Z,2024-08-17T23:00:00Z,216
"2024-07-18T00:00:00.000Z,2024-08-19T00:00:00.000Z",431600310,2024-07-18T00:00:00Z,2024-07-29T17:00:00Z,54
"2024-07-18T00:00:00.000Z,2024-08-19T00:00:00.000Z",412401260,2024-07-18T00:00:00Z,2024-08-17T23:00:00Z,547
"2024-07-18T00:00:00.000Z,2024-08-19T00:00:00.000Z",357993000,2024-08-07T21:00:00Z,2024-08-13T02:00:00Z,126
"2024-07-18T00:00:00.000Z,2024-08-19T00:00:00.000Z",432507000,2024-07-23T22:00:00Z,2024-08-17T23:00:00Z,602
"2024-07-18T00:00:00.000Z,2024-08-19T00:00:00.000Z",,2024-07-18T00:00:00Z,2024-07-30T23:00:00Z,190
"2024-07-18T00:00:00.000Z,2024-08-19T00:00:00.000Z",412439601,2024-07-18T00:00:00Z,2024-08-17T23:00:00Z,540
"2024-07-18T00:00:00.000Z,2024-08-19T00:00:00.000Z",577628000,2024-07-26T19:00:00Z,2024-08-02T13:00:00Z,163
"2024-07-18T00:00:00.000Z,2024-08-19T00:00:00.000Z",412440477,2024-07-18T00:00:00Z,2024-08-17T18:00:00Z,412
"2024-07-18T00:00:00.000Z,2024-08-19T00:00:00.000Z",431601931,2024-07-18T02:00:00Z,2024-08-17T16:00:00Z,253
"2024-07-18T00:00:00.000Z,2024-08-19T00:00:00.000Z",412549372,2024-07-18T00:00:00Z,2024-08-17T23:00:00Z,662
"2024-07-18T00:00:00.000Z,2024-08-19T00:00:00.000Z",416004256,2024-07-19T01:00:00Z,2024-08-17T23:00:00Z,719
"2024-07-18T00:00:00.000Z,2024-08-19T00:00:00.000Z",416505000,2024-08-13T07:00:00Z,2024-08-17T11:00:00Z,101
"2024-07-18T00:00:00.000Z,2024-08-19T00:00:00.000Z",412549513,2024-07-18T04:00:00Z,2024-07-26T23:00:00Z,58
"2024-07-18T00:00:00.000Z,2024-08-19T00:00:00.000Z",412440222,2024-07-18T05:00:00Z,2024-08-17T09:00:00Z,339
"2024-07-18T00:00:00.000Z,2024-08-19T00:00:00.000Z",412331038,2024-07-18T00:00:00Z,2024-08-17T23:00:00Z,136
"2024-07-18T00:00:00.000Z,2024-08-19T00:00:00.000Z",412440682,2024-07-18T00:00:00Z,2024-08-17T21:00:00Z,541
"2024-07-18T00:00:00.000Z,2024-08-19T00:00:00.000Z",412440697,2024-07-18T04:00:00Z,2024-08-17T23:00:00Z,332
"2024-07-18T00:00:00.000Z,2024-08-19T00:00:00.000Z",412549491,2024-07-18T00:00:00Z,2024-08-17T23:00:00Z,744
"2024-07-18T00:00:00.000Z,2024-08-19T00:00:00.000Z",412440424,2024-07-30T10:00:00Z,2024-08-16T17:00:00Z,9
"2024-07-18T00:00:00.000Z,2024-08-19T00:00:00.000Z",416004262,2024-07-18T00:00:00Z,2024-08-17T23:00:00Z,670
"2024-07-18T00:00:00.000Z,2024-08-19T00:00:00.000Z",412549581,2024-07-21T07:00:00Z,2024-08-17T23:00:00Z,665
"2024-07-18T00:00:00.000Z,2024-08-19T00:00:00.000Z",416217800,2024-07-18T00:00:00Z,2024-08-08T21:00:00Z,256
"2024-07-18T00:00:00.000Z,2024-08-19T00:00:00.000Z",431247000,2024-08-11T18:00:00Z,2024-08-12T05:00:00Z,11
"2024-07-18T00:00:00.000Z,2024-08-19T00:00:00.000Z",412420954,2024-07-18T03:00:00Z,2024-08-17T22:00:00Z,528
"2024-07-18T00:00:00.000Z,2024-08-19T00:00:00.000Z",412699210,2024-07-20T09:00:00Z,2024-08-10T13:00:00Z,13
"2024-07-18T00:00:00.000Z,2024-08-19T00:00:00.000Z",431742000,2024-08-11T02:00:00Z,2024-08-15T05:00:00Z,8
"2024-07-18T00:00:00.000Z,2024-08-19T00:00:00.000Z",412440365,2024-07-18T03:00:00Z,2024-08-17T23:00:00Z,362
"2024-07-18T00:00:00.000Z,2024-08-19T00:00:00.000Z",412549113,2024-07-28T11:00:00Z,2024-08-17T23:00:00Z,493
"2024-07-18T00:00:00.000Z,2024-08-19T00:00:00.000Z",412549358,2024-07-18T00:00:00Z,2024-08-07T06:00:00Z,472
"2024-07-18T00:00:00.000Z,2024-08-19T00:00:00.000Z",412439742,2024-07-18T00:00:00Z,2024-08-16T23:00:00Z,345
"2024-07-18T00:00:00.000Z,2024-08-19T00:00:00.000Z",416002605,2024-07-18T00:00:00Z,2024-08-05T23:00:00Z,425
"2024-07-18T00:00:00.000Z,2024-08-19T00:00:00.000Z",432927000,2024-07-27T12:00:00Z,2024-08-17T23:00:00Z,323
"2024-07-18T00:00:00.000Z,2024-08-19T00:00:00.000Z",416239600,2024-07-26T08:00:00Z,2024-08-08T02:00:00Z,204
"2024-07-18T00:00:00.000Z,2024-08-19T00:00:00.000Z",416002904,2024-07-18T00:00:00Z,2024-08-15T18:00:00Z,690
"2024-07-18T00:00:00.000Z,2024-08-19T00:00:00.000Z",636018227,2024-07-26T20:00:00Z,2024-08-01T10:00:00Z,135
"2024-07-18T00:00:00.000Z,2024-08-19T00:00:00.000Z",432384000,2024-07-18T03:00:00Z,2024-07-28T23:00:00Z,95
"2024-07-18T00:00:00.000Z,2024-08-19T00:00:00.000Z",412440656,2024-07-18T00:00:00Z,2024-07-24T03:00:00Z,147
"2024-07-18T00:00:00.000Z,2024-08-19T00:00:00.000Z",412549375,2024-08-03T07:00:00Z,2024-08-17T23:00:00Z,353
"2024-07-18T00:00:00.000Z,2024-08-19T00:00:00.000Z",412440369,2024-07-18T00:00:00Z,2024-08-17T23:00:00Z,727
"2024-07-18T00:00:00.000Z,2024-08-19T00:00:00.000Z",412440364,2024-07-18T00:00:00Z,2024-08-12T17:00:00Z,606
"2024-07-18T00:00:00.000Z,2024-08-19T00:00:00.000Z",431789000,2024-08-11T18:00:00Z,2024-08-15T02:00:00Z,25
"2024-07-18T00:00:00.000Z,2024-08-19T00:00:00.000Z",412329656,2024-07-18T00:00:00Z,2024-08-17T21:00:00Z,634
"2024-07-18T00:00:00.000Z,2024-08-19T00:00:00.000Z",412420469,2024-07-30T01:00:00Z,2024-08-17T23:00:00Z,453
"2024-07-18T00:00:00.000Z,2024-08-19T00:00:00.000Z",416002196,2024-07-18T00:00:00Z,2024-08-07T11:00:00Z,432
"2024-07-18T00:00:00.000Z,2024-08-19T00:00:00.000Z",412209138,2024-07-18T16:00:00Z,2024-08-17T23:00:00Z,184
"2024-07-18T00:00:00.000Z,2024-08-19T00:00:00.000Z",412549571,2024-07-18T00:00:00Z,2024-08-17T23:00:00Z,744
"2024-07-18T00:00:00.000Z,2024-08-19T00:00:00.000Z",416005752,2024-07-24T05:00:00Z,2024-08-17T23:00:00Z,595
"2024-07-18T00:00:00.000Z,2024-08-19T00:00:00.000Z",416005575,2024-07-18T00:00:00Z,2024-08-17T23:00:00Z,384
"2024-07-18T00:00:00.000Z,2024-08-19T00:00:00.000Z",416241600,2024-08-15T14:00:00Z,2024-08-17T23:00:00Z,51
"2024-07-18T00:00:00.000Z,2024-08-19T00:00:00.000Z",432411000,2024-07-30T10:00:00Z,2024-08-04T09:00:00Z,120
"2024-07-18T00:00:00.000Z,2024-08-19T00:00:00.000Z",416002348,2024-07-18T00:00:00Z,2024-08-06T11:00:00Z,278
"2024-07-18T00:00:00.000Z,2024-08-19T00:00:00.000Z",412329635,2024-07-18T00:00:00Z,2024-08-17T23:00:00Z,275
"2024-07-18T00:00:00.000Z,2024-08-19T00:00:00.000Z",431700589,2024-07-18T00:00:00Z,2024-08-17T23:00:00Z,450
"2024-07-18T00:00:00.000Z,2024-08-19T00:00:00.000Z",412422695,2024-08-07T03:00:00Z,2024-08-17T23:00:00Z,252
"2024-07-18T00:00:00.000Z,2024-08-19T00:00:00.000Z",412422706,2024-07-18T00:00:00Z,2024-08-17T23:00:00Z,567
"2024-07-18T00:00:00.000Z,2024-08-19T00:00:00.000Z",412421139,2024-07-18T00:00:00Z,2024-08-16T23:00:00Z,615
"2024-07-18T00:00:00.000Z,2024-08-19T00:00:00.000Z",440076000,2024-07-18T00:00:00Z,2024-08-17T23:00:00Z,608
"2024-07-18T00:00:00.000Z,2024-08-19T00:00:00.000Z",416001233,2024-07-18T03:00:00Z,2024-08-13T02:00:00Z,157
"2024-07-18T00:00:00.000Z,2024-08-19T00:00:00.000Z",412549133,2024-07-18T03:00:00Z,2024-08-17T23:00:00Z,410
"2024-07-18T00:00:00.000Z,2024-08-19T00:00:00.000Z",412329641,2024-07-29T17:00:00Z,2024-08-17T20:00:00Z,347
"2024-07-18T00:00:00.000Z,2024-08-19T00:00:00.000Z",412549038,2024-07-23T02:00:00Z,2024-08-17T23:00:00Z,622
"2024-07-18T00:00:00.000Z,2024-08-19T00:00:00.000Z",412440683,2024-07-18T00:00:00Z,2024-08-17T23:00:00Z,705
"2024-07-18T00:00:00.000Z,2024-08-19T00:00:00.000Z",412420873,2024-07-30T01:00:00Z,2024-08-17T23:00:00Z,343
"2024-07-18T00:00:00.000Z,2024-08-19T00:00:00.000Z",412671870,2024-07-18T00:00:00Z,2024-08-17T23:00:00Z,724
"2024-07-18T00:00:00.000Z,2024-08-19T00:00:00.000Z",412440515,2024-08-05T19:00:00Z,2024-08-17T23:00:00Z,252
"2024-07-18T00:00:00.000Z,2024-08-19T00:00:00.000Z",,2024-07-18T00:00:00Z,2024-07-29T23:00:00Z,266
"2024-07-18T00:00:00.000Z,2024-08-19T00:00:00.000Z",,2024-07-18T03:00:00Z,2024-08-02T22:00:00Z,128
"2024-07-18T00:00:00.000Z,2024-08-19T00:00:00.000Z",440855000,2024-07-28T22:00:00Z,2024-08-17T04:00:00Z,461
"2024-07-18T00:00:00.000Z,2024-08-19T00:00:00.000Z",412440807,2024-07-18T00:00:00Z,2024-08-17T15:00:00Z,157
"2024-07-18T00:00:00.000Z,2024-08-19T00:00:00.000Z",412209137,2024-07-18T03:00:00Z,2024-08-17T18:00:00Z,247
"2024-07-18T00:00:00.000Z,2024-08-19T00:00:00.000Z",412549216,2024-07-18T00:00:00Z,2024-08-17T23:00:00Z,744
"2024-07-18T00:00:00.000Z,2024-08-19T00:00:00.000Z",412549365,2024-07-21T02:00:00Z,2024-08-17T23:00:00Z,632
"2024-07-18T00:00:00.000Z,2024-08-19T00:00:00.000Z",412671990,2024-07-18T02:00:00Z,2024-08-16T05:00:00Z,195
"2024-07-18T00:00:00.000Z,2024-08-19T00:00:00.000Z",412440252,2024-07-18T03:00:00Z,2024-07-25T17:00:00Z,114
"2024-07-18T00:00:00.000Z,2024-08-19T00:00:00.000Z",431700850,2024-07-18T00:00:00Z,2024-08-17T23:00:00Z,458
"2024-07-18T00:00:00.000Z,2024-08-19T00:00:00.000Z",416227600,2024-07-18T00:00:00Z,2024-08-08T09:00:00Z,333
"2024-07-18T00:00:00.000Z,2024-08-19T00:00:00.000Z",412331167,2024-07-23T02:00:00Z,2024-08-16T21:00:00Z,595
"2024-07-18T00:00:00.000Z,2024-08-19T00:00:00.000Z",412549374,2024-08-07T05:00:00Z,2024-08-17T23:00:00Z,259
"2024-07-18T00:00:00.000Z,2024-08-19T00:00:00.000Z",416001799,2024-07-18T00:00:00Z,2024-08-17T22:00:00Z,392
"2024-07-18T00:00:00.000Z,2024-08-19T00:00:00.000Z",412672150,2024-07-18T00:00:00Z,2024-07-20T03:00:00Z,52
"2024-07-18T00:00:00.000Z,2024-08-19T00:00:00.000Z",431087000,2024-07-18T00:00:00Z,2024-07-28T02:00:00Z,203
"2024-07-18T00:00:00.000Z,2024-08-19T00:00:00.000Z",432906000,2024-07-18T01:00:00Z,2024-08-17T23:00:00Z,473
"2024-07-18T00:00:00.000Z,2024-08-19T00:00:00.000Z",416236900,2024-07-31T18:00:00Z,2024-08-17T23:00:00Z,15
"2024-07-18T00:00:00.000Z,2024-08-19T00:00:00.000Z",440216000,2024-07-18T00:00:00Z,2024-08-17T21:00:00Z,451
"2024-07-18T00:00:00.000Z,2024-08-19T00:00:00.000Z",413459180,2024-07-19T15:00:00Z,2024-07-25T07:00:00Z,137
"2024-07-18T00:00:00.000Z,2024-08-19T00:00:00.000Z",412420229,2024-08-04T21:00:00Z,2024-08-17T20:00:00Z,279
"2024-07-18T00:00:00.000Z,2024-08-19T00:00:00.000Z",412549492,2024-07-18T00:00:00Z,2024-08-17T23:00:00Z,743
"2024-07-18T00:00:00.000Z,2024-08-19T00:00:00.000Z",441713000,2024-07-18T00:00:00Z,2024-08-17T23:00:00Z,608
"2024-07-18T00:00:00.000Z,2024-08-19T00:00:00.000Z",431331000,2024-07-18T00:00:00Z,2024-07-29T07:00:00Z,115
"2024-07-18T00:00:00.000Z,2024-08-19T00:00:00.000Z",412549267,2024-07-18T00:00:00Z,2024-08-17T23:00:00Z,701
"2024-07-18T00:00:00.000Z,2024-08-19T00:00:00.000Z",416000275,2024-07-18T00:00:00Z,2024-08-07T07:00:00Z,716
"2024-07-18T00:00:00.000Z,2024-08-19T00:00:00.000Z",412329639,2024-07-18T03:00:00Z,2024-07-24T04:00:00Z,59
"2024-07-18T00:00:00.000Z,2024-08-19T00:00:00.000Z",416217900,2024-07-18T00:00:00Z,2024-08-15T18:00:00Z,635
"2024-07-18T00:00:00.000Z,2024-08-19T00:00:00.000Z",412210012,2024-07-18T00:00:00Z,2024-07-21T06:00:00Z,33
"2024-07-18T00:00:00.000Z,2024-08-19T00:00:00.000Z",431593000,2024-08-11T18:00:00Z,2024-08-15T04:00:00Z,44
"2024-07-18T00:00:00.000Z,2024-08-19T00:00:00.000Z",416004105,2024-07-30T20:00:00Z,2024-08-11T06:00:00Z,110
"2024-07-18T00:00:00.000Z,2024-08-19T00:00:00.000Z",431796000,2024-07-18T02:00:00Z,2024-07-27T17:00:00Z,107
"2024-07-18T00:00:00.000Z,2024-08-19T00:00:00.000Z",412200083,2024-07-18T00:00:00Z,2024-07-25T11:00:00Z,179
"2024-07-18T00:00:00.000Z,2024-08-19T00:00:00.000Z",412421035,2024-07-18T04:00:00Z,2024-08-17T22:00:00Z,291
"2024-07-18T00:00:00.000Z,2024-08-19T00:00:00.000Z",416004981,2024-07-18T00:00:00Z,2024-08-17T23:00:00Z,179
"2024-07-18T00:00:00.000Z,2024-08-19T00:00:00.000Z",412440487,2024-07-18T03:00:00Z,2024-08-17T17:00:00Z,796
"2024-07-18T00:00:00.000Z,2024-08-19T00:00:00.000Z",416757000,2024-07-18T00:00:00Z,2024-08-13T00:00:00Z,138
"2024-07-18T00:00:00.000Z,2024-08-19T00:00:00.000Z",431704470,2024-07-18T00:00:00Z,2024-08-05T08:00:00Z,374
"2024-07-18T00:00:00.000Z,2024-08-19T00:00:00.000Z",412549373,2024-07-18T00:00:00Z,2024-08-17T23:00:00Z,743
"2024-07-18T00:00:00.000Z,2024-08-19T00:00:00.000Z",412549573,2024-07-18T00:00:00Z,2024-08-17T23:00:00Z,733
"2024-07-18T00:00:00.000Z,2024-08-19T00:00:00.000Z",431258000,2024-07-18T23:00:00Z,2024-07-31T10:00:00Z,40
"2024-07-18T00:00:00.000Z,2024-08-19T00:00:00.000Z",431700719,2024-07-18T00:00:00Z,2024-08-17T23:00:00Z,670
"2024-07-18T00:00:00.000Z,2024-08-19T00:00:00.000Z",416244800,2024-07-21T03:00:00Z,2024-08-13T14:00:00Z,384
"2024-07-18T00:00:00.000Z,2024-08-19T00:00:00.000Z",431046000,2024-07-18T00:00:00Z,2024-07-28T14:00:00Z,92
"2024-07-18T00:00:00.000Z,2024-08-19T00:00:00.000Z",412440361,2024-07-18T00:00:00Z,2024-08-17T23:00:00Z,731
"2024-07-18T00:00:00.000Z,2024-08-19T00:00:00.000Z",412331148,2024-07-18T00:00:00Z,2024-08-17T04:00:00Z,154
"2024-07-18T00:00:00.000Z,2024-08-19T00:00:00.000Z",412440223,2024-07-18T04:00:00Z,2024-08-17T11:00:00Z,151
"2024-07-18T00:00:00.000Z,2024-08-19T00:00:00.000Z",431003491,2024-07-18T01:00:00Z,2024-07-25T14:00:00Z,76
"2024-07-18T00:00:00.000Z,2024-08-19T00:00:00.000Z",412549357,2024-07-18T00:00:00Z,2024-08-14T05:00:00Z,482
"2024-07-18T00:00:00.000Z,2024-08-19T00:00:00.000Z",994162781,2024-08-03T06:00:00Z,2024-08-17T23:00:00Z,247
"2024-07-18T00:00:00.000Z,2024-08-19T00:00:00.000Z",416001558,2024-07-18T00:00:00Z,2024-08-12T07:00:00Z,224
"2024-07-18T00:00:00.000Z,2024-08-19T00:00:00.000Z",416245500,2024-08-09T13:00:00Z,2024-08-17T23:00:00Z,46
"2024-07-18T00:00:00.000Z,2024-08-19T00:00:00.000Z",416006763,2024-07-18T00:00:00Z,2024-08-17T23:00:00Z,14
"2024-07-18T00:00:00.000Z,2024-08-19T00:00:00.000Z",431005009,2024-07-18T00:00:00Z,2024-08-17T23:00:00Z,484
"2024-07-18T00:00:00.000Z,2024-08-19T00:00:00.000Z",412080230,2024-07-18T00:00:00Z,2024-07-30T09:00:00Z,564
"2024-07-18T00:00:00.000Z,2024-08-19T00:00:00.000Z",416001833,2024-07-18T01:00:00Z,2024-07-22T17:00:00Z,66
"2024-07-18T00:00:00.000Z,2024-08-19T00:00:00.000Z",416003063,2024-07-18T00:00:00Z,2024-08-02T04:00:00Z,365
"2024-07-18T00:00:00.000Z,2024-08-19T00:00:00.000Z",412440367,2024-07-18T03:00:00Z,2024-08-17T23:00:00Z,185
"2024-07-18T00:00:00.000Z,2024-08-19T00:00:00.000Z",412440478,2024-07-18T03:00:00Z,2024-08-17T22:00:00Z,281
"2024-07-18T00:00:00.000Z,2024-08-19T00:00:00.000Z",412440483,2024-07-18T02:00:00Z,2024-08-17T23:00:00Z,572
"2024-07-18T00:00:00.000Z,2024-08-19T00:00:00.000Z",412336767,2024-08-04T08:00:00Z,2024-08-17T05:00:00Z,276
"2024-07-18T00:00:00.000Z,2024-08-19T00:00:00.000Z",431501789,2024-07-30T08:00:00Z,2024-08-17T23:00:00Z,361
"2024-07-18T00:00:00.000Z,2024-08-19T00:00:00.000Z",416230500,2024-08-13T19:00:00Z,2024-08-17T23:00:00Z,96
"2024-07-18T00:00:00.000Z,2024-08-19T00:00:00.000Z",412699820,2024-07-18T00:00:00Z,2024-07-21T04:00:00Z,57
"2024-07-18T00:00:00.000Z,2024-08-19T00:00:00.000Z",431716000,2024-08-11T18:00:00Z,2024-08-13T05:00:00Z,21
"2024-07-18T00:00:00.000Z,2024-08-19T00:00:00.000Z",431700310,2024-07-18T01:00:00Z,2024-08-17T22:00:00Z,425
"2024-07-18T00:00:00.000Z,2024-08-19T00:00:00.000Z",431600740,2024-07-26T16:00:00Z,2024-08-17T23:00:00Z,278
"2024-07-18T00:00:00.000Z,2024-08-19T00:00:00.000Z",431801390,2024-07-18T01:00:00Z,2024-08-17T23:00:00Z,492
"2024-07-18T00:00:00.000Z,2024-08-19T00:00:00.000Z",416004981,2024-08-12T17:00:00Z,2024-08-12T18:00:00Z,2
"2024-07-18T00:00:00.000Z,2024-08-19T00:00:00.000Z",431018961,2024-07-18T00:00:00Z,2024-08-17T23:00:00Z,543
"2024-07-18T00:00:00.000Z,2024-08-19T00:00:00.000Z",416221500,2024-08-03T00:00:00Z,2024-08-17T23:00:00Z,346
"2024-07-18T00:00:00.000Z,2024-08-19T00:00:00.000Z",416238600,2024-07-18T00:00:00Z,2024-08-17T23:00:00Z,237
"2024-07-18T00:00:00.000Z,2024-08-19T00:00:00.000Z",416005723,2024-07-18T00:00:00Z,2024-08-17T23:00:00Z,150
"2024-07-18T00:00:00.000Z,2024-08-19T00:00:00.000Z",416252900,2024-07-22T17:00:00Z,2024-08-17T23:00:00Z,81
"2024-07-18T00:00:00.000Z,2024-08-19T00:00:00.000Z",412549598,2024-07-18T00:00:00Z,2024-08-17T23:00:00Z,697
"2024-07-18T00:00:00.000Z,2024-08-19T00:00:00.000Z",412549016,2024-07-18T00:00:00Z,2024-08-17T23:00:00Z,476
"2024-07-18T00:00:00.000Z,2024-08-19T00:00:00.000Z",416004186,2024-07-30T13:00:00Z,2024-08-08T16:00:00Z,124
"2024-07-18T00:00:00.000Z,2024-08-19T00:00:00.000Z",416004857,2024-07-18T00:00:00Z,2024-07-18T05:00:00Z,6
"2024-07-18T00:00:00.000Z,2024-08-19T00:00:00.000Z",416003205,2024-07-28T01:00:00Z,2024-08-17T23:00:00Z,401
"2024-07-18T00:00:00.000Z,2024-08-19T00:00:00.000Z",431783000,2024-07-28T20:00:00Z,2024-08-02T20:00:00Z,121
"2024-07-18T00:00:00.000Z,2024-08-19T00:00:00.000Z",432856000,2024-08-12T13:00:00Z,2024-08-17T23:00:00Z,131
"2024-07-18T00:00:00.000Z,2024-08-19T00:00:00.000Z",412440248,2024-07-18T00:00:00Z,2024-08-17T23:00:00Z,503
"2024-07-18T00:00:00.000Z,2024-08-19T00:00:00.000Z",412420659,2024-07-18T03:00:00Z,2024-08-17T22:00:00Z,240
"2024-07-18T00:00:00.000Z,2024-08-19T00:00:00.000Z",416242600,2024-08-03T00:00:00Z,2024-08-17T23:00:00Z,36
"2024-07-18T00:00:00.000Z,2024-08-19T00:00:00.000Z",412440371,2024-07-18T03:00:00Z,2024-08-17T23:00:00Z,257
"2024-07-18T00:00:00.000Z,2024-08-19T00:00:00.000Z",431501795,2024-08-06T07:00:00Z,2024-08-17T23:00:00Z,225
"2024-07-18T00:00:00.000Z,2024-08-19T00:00:00.000Z",412209133,2024-07-18T01:00:00Z,2024-08-17T22:00:00Z,301
"2024-07-18T00:00:00.000Z,2024-08-19T00:00:00.000Z",994162788,2024-08-03T05:00:00Z,2024-08-17T22:00:00Z,235
"2024-07-18T00:00:00.000Z,2024-08-19T00:00:00.000Z",416234600,2024-07-23T20:00:00Z,2024-08-16T23:00:00Z,430
"2024-07-18T00:00:00.000Z,2024-08-19T00:00:00.000Z",431769000,2024-07-18T07:00:00Z,2024-08-17T23:00:00Z,424
"2024-07-18T00:00:00.000Z,2024-08-19T00:00:00.000Z",416001255,2024-08-11T03:00:00Z,2024-08-17T23:00:00Z,146
"2024-07-18T00:00:00.000Z,2024-08-19T00:00:00.000Z",431018922,2024-07-25T07:00:00Z,2024-08-13T14:00:00Z,343
"2024-07-18T00:00:00.000Z,2024-08-19T00:00:00.000Z",412331146,2024-07-18T00:00:00Z,2024-08-17T23:00:00Z,365
"2024-07-18T00:00:00.000Z,2024-08-19T00:00:00.000Z",416004684,2024-07-18T00:00:00Z,2024-08-17T23:00:00Z,236
"2024-07-18T00:00:00.000Z,2024-08-19T00:00:00.000Z",431600520,2024-07-18T02:00:00Z,2024-07-31T07:00:00Z,97
"2024-07-18T00:00:00.000Z,2024-08-19T00:00:00.000Z",412439599,2024-07-18T02:00:00Z,2024-08-17T19:00:00Z,400
"2024-07-18T00:00:00.000Z,2024-08-19T00:00:00.000Z",412440241,2024-07-18T00:00:00Z,2024-08-17T23:00:00Z,686
"2024-07-18T00:00:00.000Z,2024-08-19T00:00:00.000Z",412549088,2024-07-18T00:00:00Z,2024-08-17T23:00:00Z,295
"2024-07-18T00:00:00.000Z,2024-08-19T00:00:00.000Z",416004693,2024-07-18T00:00:00Z,2024-08-17T23:00:00Z,365
"2024-07-18T00:00:00.000Z,2024-08-19T00:00:00.000Z",431501260,2024-08-13T08:00:00Z,2024-08-17T23:00:00Z,90
"2024-07-18T00:00:00.000Z,2024-08-19T00:00:00.000Z",412209136,2024-07-18T00:00:00Z,2024-08-17T23:00:00Z,649
"2024-07-18T00:00:00.000Z,2024-08-19T00:00:00.000Z",412440654,2024-07-18T00:00:00Z,2024-08-17T23:00:00Z,335
"2024-07-18T00:00:00.000Z,2024-08-19T00:00:00.000Z",412699210,2024-08-14T10:00:00Z,2024-08-15T10:00:00Z,5
"2024-07-18T00:00:00.000Z,2024-08-19T00:00:00.000Z",412439617,2024-07-18T00:00:00Z,2024-08-17T23:00:00Z,456
"2024-07-18T00:00:00.000Z,2024-08-19T00:00:00.000Z",412329657,2024-07-18T00:00:00Z,2024-08-17T21:00:00Z,358
"2024-07-18T00:00:00.000Z,2024-08-19T00:00:00.000Z",259023000,2024-08-08T07:00:00Z,2024-08-13T18:00:00Z,132
"2024-07-18T00:00:00.000Z,2024-08-19T00:00:00.000Z",412440366,2024-07-18T00:00:00Z,2024-08-17T23:00:00Z,450
"2024-07-18T00:00:00.000Z,2024-08-19T00:00:00.000Z",412329638,2024-07-18T00:00:00Z,2024-08-17T23:00:00Z,421
"2024-07-18T00:00:00.000Z,2024-08-19T00:00:00.000Z",431245000,2024-08-06T04:00:00Z,2024-08-15T10:00:00Z,223
"2024-07-18T00:00:00.000Z,2024-08-19T00:00:00.000Z",412672140,2024-07-18T00:00:00Z,2024-08-17T04:00:00Z,721
"2024-07-18T00:00:00.000Z,2024-08-19T00:00:00.000Z",412549569,2024-07-18T00:00:00Z,2024-08-17T23:00:00Z,744
"2024-07-18T00:00:00.000Z,2024-08-19T00:00:00.000Z",412209146,2024-07-18T00:00:00Z,2024-08-17T23:00:00Z,561
"2024-07-18T00:00:00.000Z,2024-08-19T00:00:00.000Z",432366000,2024-07-19T04:00:00Z,2024-07-30T10:00:00Z,57
"2024-07-18T00:00:00.000Z,2024-08-19T00:00:00.000Z",431517000,2024-07-18T00:00:00Z,2024-08-17T23:00:00Z,458
"2024-07-18T00:00:00.000Z,2024-08-19T00:00:00.000Z",431000343,2024-07-18T00:00:00Z,2024-08-17T23:00:00Z,395
"2024-07-18T00:00:00.000Z,2024-08-19T00:00:00.000Z",416004903,2024-08-16T00:00:00Z,2024-08-17T23:00:00Z,26
"2024-07-18T00:00:00.000Z,2024-08-19T00:00:00.000Z",416005846,2024-08-09T14:00:00Z,2024-08-17T23:00:00Z,36
"2024-07-18T00:00:00.000Z,2024-08-19T00:00:00.000Z",416241900,2024-07-18T00:00:00Z,2024-08-17T23:00:00Z,314
"2024-07-18T00:00:00.000Z,2024-08-19T00:00:00.000Z",416229700,2024-08-13T22:00:00Z,2024-08-17T09:00:00Z,39
"2024-07-18T00:00:00.000Z,2024-08-19T00:00:00.000Z",412336831,2024-07-18T00:00:00Z,2024-08-15T17:00:00Z,684
"2024-07-18T00:00:00.000Z,2024-08-19T00:00:00.000Z",412549529,2024-08-03T00:00:00Z,2024-08-12T13:00:00Z,229
"2024-07-18T00:00:00.000Z,2024-08-19T00:00:00.000Z",431704480,2024-07-18T01:00:00Z,2024-08-17T23:00:00Z,484
"2024-07-18T00:00:00.000Z,2024-08-19T00:00:00.000Z",416001965,2024-07-18T00:00:00Z,2024-07-28T19:00:00Z,259
"2024-07-18T00:00:00.000Z,2024-08-19T00:00:00.000Z",412549497,2024-07-18T00:00:00Z,2024-08-17T23:00:00Z,744
"2024-07-18T00:00:00.000Z,2024-08-19T00:00:00.000Z",412331208,2024-07-21T04:00:00Z,2024-08-01T17:00:00Z,212
"2024-07-18T00:00:00.000Z,2024-08-19T00:00:00.000Z",431900088,2024-07-18T01:00:00Z,2024-08-17T23:00:00Z,507
"2024-07-18T00:00:00.000Z,2024-08-19T00:00:00.000Z",412440423,2024-07-18T07:00:00Z,2024-08-17T23:00:00Z,283
"2024-07-18T00:00:00.000Z,2024-08-19T00:00:00.000Z",416221500,2024-07-18T00:00:00Z,2024-08-02T23:00:00Z,367
"2024-07-18T00:00:00.000Z,2024-08-19T00:00:00.000Z",412420799,2024-07-18T00:00:00Z,2024-08-17T23:00:00Z,578
"2024-07-18T00:00:00.000Z,2024-08-19T00:00:00.000Z",412549577,2024-07-18T00:00:00Z,2024-08-02T23:00:00Z,352
"2024-07-18T00:00:00.000Z,2024-08-19T00:00:00.000Z",412549134,2024-07-18T21:00:00Z,2024-08-17T01:00:00Z,97
"2024-07-18T00:00:00.000Z,2024-08-19T00:00:00.000Z",431001573,2024-07-18T00:00:00Z,2024-08-17T23:00:00Z,365
"2024-07-18T00:00:00.000Z,2024-08-19T00:00:00.000Z",412440362,2024-07-18T02:00:00Z,2024-08-17T22:00:00Z,406
"2024-07-18T00:00:00.000Z,2024-08-19T00:00:00.000Z",412440239,2024-08-09T21:00:00Z,2024-08-17T16:00:00Z,188
"2024-07-18T00:00:00.000Z,2024-08-19T00:00:00.000Z",431000857,2024-07-18T00:00:00Z,2024-08-11T17:00:00Z,496
"2024-07-18T00:00:00.000Z,2024-08-19T00:00:00.000Z",412420956,2024-07-18T01:00:00Z,2024-08-17T16:00:00Z,138
"2024-07-18T00:00:00.000Z,2024-08-19T00:00:00.000Z",431069000,2024-07-18T23:00:00Z,2024-07-29T23:00:00Z,42
"2024-07-18T00:00:00.000Z,2024-08-19T00:00:00.000Z",412549528,2024-07-18T00:00:00Z,2024-07-30T09:00:00Z,298
"2024-07-18T00:00:00.000Z,2024-08-19T00:00:00.000Z",431501689,2024-07-28T04:00:00Z,2024-08-17T23:00:00Z,382
"2024-07-18T00:00:00.000Z,2024-08-19T00:00:00.000Z",431903000,2024-07-21T03:00:00Z,2024-08-16T20:00:00Z,642
"2024-07-18T00:00:00.000Z,2024-08-19T00:00:00.000Z",412420982,2024-07-18T00:00:00Z,2024-08-17T22:00:00Z,429
"2024-07-18T00:00:00.000Z,2024-08-19T00:00:00.000Z",413875756,2024-07-30T13:00:00Z,2024-08-17T23:00:00Z,361
"2024-07-18T00:00:00.000Z,2024-08-19T00:00:00.000Z",432881000,2024-07-23T20:00:00Z,2024-07-26T07:00:00Z,60
"2024-07-18T00:00:00.000Z,2024-08-19T00:00:00.000Z",431016137,2024-07-18T00:00:00Z,2024-08-08T06:00:00Z,453
"2024-07-18T00:00:00.000Z,2024-08-19T00:00:00.000Z",416253700,2024-07-23T14:00:00Z,2024-08-17T23:00:00Z,125
"2024-07-18T00:00:00.000Z,2024-08-19T00:00:00.000Z",412549084,2024-08-13T23:00:00Z,2024-08-17T23:00:00Z,97
"2024-07-18T00:00:00.000Z,2024-08-19T00:00:00.000Z",412331055,2024-08-03T09:00:00Z,2024-08-17T19:00:00Z,223
"2024-07-18T00:00:00.000Z,2024-08-19T00:00:00.000Z",416006494,2024-08-10T14:00:00Z,2024-08-17T23:00:00Z,69
"2024-07-18T00:00:00.000Z,2024-08-19T00:00:00.000Z",431000840,2024-07-18T00:00:00Z,2024-08-02T23:00:00Z,334
"2024-07-18T00:00:00.000Z,2024-08-19T00:00:00.000Z",412549473,2024-07-18T00:00:00Z,2024-08-17T21:00:00Z,205
"2024-07-18T00:00:00.000Z,2024-08-19T00:00:00.000Z",412440363,2024-07-31T03:00:00Z,2024-08-17T20:00:00Z,315
"2024-07-18T00:00:00.000Z,2024-08-19T00:00:00.000Z",412330000,2024-08-13T18:00:00Z,2024-08-16T18:00:00Z,8
"2024-07-18T00:00:00.000Z,2024-08-19T00:00:00.000Z",412331052,2024-08-16T18:00:00Z,2024-08-16T23:00:00Z,6
"2024-07-18T00:00:00.000Z,2024-08-19T00:00:00.000Z",412329655,2024-07-18T00:00:00Z,2024-08-17T23:00:00Z,547
"2024-07-18T00:00:00.000Z,2024-08-19T00:00:00.000Z",412549575,2024-07-18T00:00:00Z,2024-08-16T05:00:00Z,408
"2024-07-18T00:00:00.000Z,2024-08-19T00:00:00.000Z",412549138,2024-07-18T00:00:00Z,2024-08-17T23:00:00Z,705
"2024-07-18T00:00:00.000Z,2024-08-19T00:00:00.000Z",416246500,2024-08-15T11:00:00Z,2024-08-17T23:00:00Z,50
"2024-07-18T00:00:00.000Z,2024-08-19T00:00:00.000Z",431704510,2024-07-18T00:00:00Z,2024-08-17T23:00:00Z,472
"2024-07-18T00:00:00.000Z,2024-08-19T00:00:00.000Z",416003484,2024-07-18T00:00:00Z,2024-07-27T12:00:00Z,226
"2024-07-18T00:00:00.000Z,2024-08-19T00:00:00.000Z",412440247,2024-07-18T01:00:00Z,2024-08-17T23:00:00Z,435
"2024-07-18T00:00:00.000Z,2024-08-19T00:00:00.000Z",416000054,2024-07-18T00:00:00Z,2024-08-17T22:00:00Z,1046
"2024-07-18T00:00:00.000Z,2024-08-19T00:00:00.000Z",431501822,2024-08-02T16:00:00Z,2024-08-17T22:00:00Z,246
"2024-07-18T00:00:00.000Z,2024-08-19T00:00:00.000Z",412672020,2024-07-18T00:00:00Z,2024-08-17T23:00:00Z,639
"2024-07-18T00:00:00.000Z,2024-08-19T00:00:00.000Z",412440679,2024-07-18T00:00:00Z,2024-08-17T21:00:00Z,675
"2024-07-18T00:00:00.000Z,2024-08-19T00:00:00.000Z",431935000,2024-07-18T09:00:00Z,2024-08-13T11:00:00Z,626
"2024-07-18T00:00:00.000Z,2024-08-19T00:00:00.000Z",412549355,2024-07-18T00:00:00Z,2024-08-17T23:00:00Z,744
"2024-07-18T00:00:00.000Z,2024-08-19T00:00:00.000Z",412549368,2024-07-18T00:00:00Z,2024-08-17T23:00:00Z,744
"2024-07-18T00:00:00.000Z,2024-08-19T00:00:00.000Z",412420465,2024-07-18T00:00:00Z,2024-08-17T19:00:00Z,360
"2024-07-18T00:00:00.000Z,2024-08-19T00:00:00.000Z",431500637,2024-07-18T01:00:00Z,2024-08-17T23:00:00Z,226
"2024-07-18T00:00:00.000Z,2024-08-19T00:00:00.000Z",416233800,2024-07-20T16:00:00Z,2024-08-10T04:00:00Z,84
"2024-07-18T00:00:00.000Z,2024-08-19T00:00:00.000Z",412330931,2024-07-18T00:00:00Z,2024-08-17T21:00:00Z,308
"2024-07-18T00:00:00.000Z,2024-08-19T00:00:00.000Z",412420471,2024-07-21T21:00:00Z,2024-07-27T12:00:00Z,136
"2024-07-18T00:00:00.000Z,2024-08-19T00:00:00.000Z",416005931,2024-07-19T17:00:00Z,2024-08-17T23:00:00Z,13
"2024-07-18T00:00:00.000Z,2024-08-19T00:00:00.000Z",412549166,2024-07-18T17:00:00Z,2024-07-26T23:00:00Z,13
"2024-07-18T00:00:00.000Z,2024-08-19T00:00:00.000Z",994162783,2024-08-03T06:00:00Z,2024-08-17T23:00:00Z,250
"2024-07-18T00:00:00.000Z,2024-08-19T00:00:00.000Z",416000292,2024-07-30T00:00:00Z,2024-08-17T23:00:00Z,441
"2024-07-18T00:00:00.000Z,2024-08-19T00:00:00.000Z",416001447,2024-07-18T00:00:00Z,2024-08-17T23:00:00Z,744
"2024-07-18T00:00:00.000Z,2024-08-19T00:00:00.000Z",416007494,2024-08-06T09:00:00Z,2024-08-17T23:00:00Z,279
"2024-07-18T00:00:00.000Z,2024-08-19T00:00:00.000Z",416004638,2024-07-18T00:00:00Z,2024-08-17T23:00:00Z,282
"2024-07-18T00:00:00.000Z,2024-08-19T00:00:00.000Z",431487000,2024-07-18T00:00:00Z,2024-08-02T17:00:00Z,378
"2024-07-18T00:00:00.000Z,2024-08-19T00:00:00.000Z",431931000,2024-07-18T00:00:00Z,2024-08-17T23:00:00Z,425
"2024-07-18T00:00:00.000Z,2024-08-19T00:00:00.000Z",412209142,2024-07-18T18:00:00Z,2024-08-17T16:00:00Z,183
"2024-07-18T00:00:00.000Z,2024-08-19T00:00:00.000Z",994160112,2024-07-30T00:00:00Z,2024-08-02T23:00:00Z,188
"2024-07-18T00:00:00.000Z,2024-08-19T00:00:00.000Z",412549597,2024-07-18T00:00:00Z,2024-08-17T23:00:00Z,744
"2024-07-18T00:00:00.000Z,2024-08-19T00:00:00.000Z",431715000,2024-07-20T14:00:00Z,2024-08-13T19:00:00Z,176
"2024-07-18T00:00:00.000Z,2024-08-19T00:00:00.000Z",412549488,2024-07-18T00:00:00Z,2024-08-17T23:00:00Z,744
"2024-07-18T00:00:00.000Z,2024-08-19T00:00:00.000Z",412549599,2024-07-18T00:00:00Z,2024-08-17T23:00:00Z,679
"2024-07-18T00:00:00.000Z,2024-08-19T00:00:00.000Z",431501724,2024-07-18T00:00:00Z,2024-08-17T23:00:00Z,370
"2024-07-18T00:00:00.000Z,2024-08-19T00:00:00.000Z",412422704,2024-07-18T00:00:00Z,2024-08-17T04:00:00Z,264
"2024-07-18T00:00:00.000Z,2024-08-19T00:00:00.000Z",431351000,2024-07-19T18:00:00Z,2024-07-25T21:00:00Z,29
"2024-07-18T00:00:00.000Z,2024-08-19T00:00:00.000Z",412440245,2024-08-03T03:00:00Z,2024-08-14T02:00:00Z,20
"2024-07-18T00:00:00.000Z,2024-08-19T00:00:00.000Z",416002231,2024-07-18T00:00:00Z,2024-08-05T01:00:00Z,330
"2024-07-18T00:00:00.000Z,2024-08-19T00:00:00.000Z",416002096,2024-07-18T00:00:00Z,2024-07-27T17:00:00Z,123
"2024-07-18T00:00:00.000Z,2024-08-19T00:00:00.000Z",416242600,2024-07-18T00:00:00Z,2024-07-20T05:00:00Z,28
"2024-07-18T00:00:00.000Z,2024-08-19T00:00:00.000Z",412421075,2024-07-18T00:00:00Z,2024-08-17T23:00:00Z,576
"2024-07-18T00:00:00.000Z,2024-08-19T00:00:00.000Z",412549508,2024-07-18T00:00:00Z,2024-08-17T15:00:00Z,732
"2024-07-18T00:00:00.000Z,2024-08-19T00:00:00.000Z",416004853,2024-08-09T14:00:00Z,2024-08-17T23:00:00Z,85
"2024-07-18T00:00:00.000Z,2024-08-19T00:00:00.000Z",412549496,2024-07-18T00:00:00Z,2024-08-17T23:00:00Z,742
"2024-07-18T00:00:00.000Z,2024-08-19T00:00:00.000Z",412329637,2024-07-18T00:00:00Z,2024-08-16T04:00:00Z,177
"2024-07-18T00:00:00.000Z,2024-08-19T00:00:00.000Z",412420829,2024-07-28T13:00:00Z,2024-08-15T09:00:00Z,421
"2024-07-18T00:00:00.000Z,2024-08-19T00:00:00.000Z",416002998,2024-07-18T03:00:00Z,2024-08-03T00:00:00Z,368
"2024-07-18T00:00:00.000Z,2024-08-19T00:00:00.000Z",412331087,2024-07-18T02:00:00Z,2024-08-17T07:00:00Z,334
"2024-07-18T00:00:00.000Z,2024-08-19T00:00:00.000Z",416001439,2024-08-14T07:00:00Z,2024-08-17T23:00:00Z,104
"2024-07-18T00:00:00.000Z,2024-08-19T00:00:00.000Z",431801340,2024-07-18T00:00:00Z,2024-08-17T23:00:00Z,500
"2024-07-18T00:00:00.000Z,2024-08-19T00:00:00.000Z",412440754,2024-07-18T00:00:00Z,2024-07-28T23:00:00Z,264
"2024-07-18T00:00:00.000Z,2024-08-19T00:00:00.000Z",416251900,2024-07-18T00:00:00Z,2024-08-17T23:00:00Z,257
"2024-07-18T00:00:00.000Z,2024-08-19T00:00:00.000Z",431200150,2024-07-18T01:00:00Z,2024-07-29T17:00:00Z,88
"2024-07-18T00:00:00.000Z,2024-08-19T00:00:00.000Z",416239500,2024-07-18T00:00:00Z,2024-08-17T23:00:00Z,399
"2024-07-18T00:00:00.000Z,2024-08-19T00:00:00.000Z",431047000,2024-08-14T06:00:00Z,2024-08-17T23:00:00Z,35
"2024-07-18T00:00:00.000Z,2024-08-19T00:00:00.000Z",416000284,2024-07-18T00:00:00Z,2024-08-08T14:00:00Z,474
"2024-07-18T00:00:00.000Z,2024-08-19T00:00:00.000Z",412549363,2024-07-18T00:00:00Z,2024-08-17T23:00:00Z,732
"2024-07-18T00:00:00.000Z,2024-08-19T00:00:00.000Z",412440242,2024-07-18T01:00:00Z,2024-08-17T23:00:00Z,515
"2024-07-18T00:00:00.000Z,2024-08-19T00:00:00.000Z",432990000,2024-08-07T05:00:00Z,2024-08-17T23:00:00Z,139
"2024-07-18T00:00:00.000Z,2024-08-19T00:00:00.000Z",412439602,2024-07-18T00:00:00Z,2024-08-17T23:00:00Z,426
"2024-07-18T00:00:00.000Z,2024-08-19T00:00:00.000Z",431690000,2024-07-31T19:00:00Z,2024-08-08T20:00:00Z,194
"2024-07-18T00:00:00.000Z,2024-08-19T00:00:00.000Z",412421152,2024-08-09T23:00:00Z,2024-08-17T23:00:00Z,82
"2024-07-18T00:00:00.000Z,2024-08-19T00:00:00.000Z",431011762,2024-07-18T00:00:00Z,2024-08-09T05:00:00Z,447
"2024-07-18T00:00:00.000Z,2024-08-19T00:00:00.000Z",431600710,2024-07-18T01:00:00Z,2024-08-06T10:00:00Z,195
"2024-07-18T00:00:00.000Z,2024-08-19T00:00:00.000Z",416199500,2024-07-18T00:00:00Z,2024-08-17T23:00:00Z,738
"2024-07-18T00:00:00.000Z,2024-08-19T00:00:00.000Z",431000931,2024-07-25T13:00:00Z,2024-08-17T23:00:00Z,526
"2024-07-18T00:00:00.000Z,2024-08-19T00:00:00.000Z",431002693,2024-07-24T11:00:00Z,2024-08-13T11:00:00Z,351
"2024-07-18T00:00:00.000Z,2024-08-19T00:00:00.000Z",412331053,2024-08-10T03:00:00Z,2024-08-17T11:00:00Z,177
"2024-07-18T00:00:00.000Z,2024-08-19T00:00:00.000Z",416002744,2024-07-18T00:00:00Z,2024-07-22T20:00:00Z,84
"2024-07-18T00:00:00.000Z,2024-08-19T00:00:00.000Z",412549489,2024-08-03T00:00:00Z,2024-08-17T23:00:00Z,360
"2024-07-18T00:00:00.000Z,2024-08-19T00:00:00.000Z",412549087,2024-07-18T00:00:00Z,2024-08-17T23:00:00Z,323
"2024-07-18T00:00:00.000Z,2024-08-19T00:00:00.000Z",412209145,2024-07-18T00:00:00Z,2024-08-16T05:00:00Z,495
"2024-07-18T00:00:00.000Z,2024-08-19T00:00:00.000Z",431001390,2024-07-18T00:00:00Z,2024-08-17T23:00:00Z,506
"2024-07-18T00:00:00.000Z,2024-08-19T00:00:00.000Z",416000205,2024-07-18T00:00:00Z,2024-08-02T10:00:00Z,260
"2024-07-18T00:00:00.000Z,2024-08-19T00:00:00.000Z",412549082,2024-08-13T23:00:00Z,2024-08-17T23:00:00Z,96
"2024-07-18T00:00:00.000Z,2024-08-19T00:00:00.000Z",412549405,2024-07-30T12:00:00Z,2024-08-17T23:00:00Z,345
"2024-07-18T00:00:00.000Z,2024-08-19T00:00:00.000Z",412549369,2024-07-18T00:00:00Z,2024-08-17T23:00:00Z,700
"2024-07-18T00:00:00.000Z,2024-08-19T00:00:00.000Z",416248500,2024-07-24T09:00:00Z,2024-08-17T23:00:00Z,196
"2024-07-18T00:00:00.000Z,2024-08-19T00:00:00.000Z",412331049,2024-07-18T00:00:00Z,2024-08-17T22:00:00Z,736
"2024-07-18T00:00:00.000Z,2024-08-19T00:00:00.000Z",412549406,2024-08-07T20:00:00Z,2024-08-17T23:00:00Z,244
"2024-07-18T00:00:00.000Z,2024-08-19T00:00:00.000Z",416002826,2024-07-18T00:00:00Z,2024-08-17T23:00:00Z,744
"2024-07-18T00:00:00.000Z,2024-08-19T00:00:00.000Z",431768000,2024-07-19T04:00:00Z,2024-08-17T19:00:00Z,423
"2024-07-18T00:00:00.000Z,2024-08-19T00:00:00.000Z",412440251,2024-07-18T00:00:00Z,2024-08-17T23:00:00Z,362
"2024-07-18T00:00:00.000Z,2024-08-19T00:00:00.000Z",412331041,2024-07-18T00:00:00Z,2024-08-15T15:00:00Z,233
"2024-07-18T00:00:00.000Z,2024-08-19T00:00:00.000Z",431700250,2024-07-18T02:00:00Z,2024-08-17T23:00:00Z,432
"2024-07-18T00:00:00.000Z,2024-08-19T00:00:00.000Z",412331088,2024-07-18T00:00:00Z,2024-08-17T23:00:00Z,365
"2024-07-18T00:00:00.000Z,2024-08-19T00:00:00.000Z",416002804,2024-07-18T00:00:00Z,2024-07-20T06:00:00Z,55
"2024-07-18T00:00:00.000Z,2024-08-19T00:00:00.000Z",416002298,2024-07-18T00:00:00Z,2024-08-17T20:00:00Z,259