DFO_VOI,ssvid,imo,poor_id,vessel_id,shipname,callsign,vessel_flag_best,vessel_class_best,geartype_best,trip_id,trip_start,start_port_iso3,start_port_label,trip_start_confidence,trip_duration_days,num_encounters,num_loitering,num_fishing
false,106000000,,false,719143324-4d0e-f986-f175-2710c6c0a9dc,,,VUT,fishing,inconclusive,106000000-719143324-4d0e-f986-f175-2710c6c0a9dc-018f834446e8,2024-05-16 21:17:21.000000 UTC,SEN,DAKAR,4,32.08,1,3,3
false,257248000,9176577,false,6ba1672c0-0f62-e3eb-7d08-1330e3735b3f,ELEKTRA,LATK8,NOR,fishing,trawlers,257248000-6ba1672c0-0f62-e3eb-7d08-1330e3735b3f-01900aed5788,2024-06-12 05:30:45.000000 UTC,KOR,YEOSU,4,5.75,0,0,0
false,273895000,9053311,false,086dbea53-337b-14d3-f7cc-8a8d20af0f07,MYS LOVTSOVA,UAEO,RUS,fishing,trawlers,273895000-086dbea53-337b-14d3-f7cc-8a8d20af0f07-018fc68a27b0,2024-05-29 22:48:14.000000 UTC,RUS,OKTYABRSKIY,4,19.04,0,0,62
false,367602610,,false,f9b21c963-320a-a8b9-d326-6f94dcab1650,TYLER,WDH2928,USA,fishing,trawlers,367602610-f9b21c963-320a-a8b9-d326-6f94dcab1650-0190237a0e40,2024-06-16 23:55:20.000000 UTC,USA,EAST GLOUCESTER,3,1.0,0,0,0
false,412080230,,false,b2a8195a9-966b-a479-3cf5-d36d23af13e7,,,CHN,fishing,fishing,412080230-b2a8195a9-966b-a479-3cf5-d36d23af13e7-018f03bae8a0,2024-04-22 02:55:32.000000 UTC,TWN,DONGGANG,4,56.88,2,49,100
true,412200083,8724339,false,1392a1be1-1c19-7886-95dd-8db6119eca3a,HAI XING,BALE,CHN,fishing,trawlers,412200083-1392a1be1-1c19-7886-95dd-8db6119eca3a-018efb376780,2024-04-20 11:14:56.000000 UTC,KOR,BUSAN,4,58.5,4,8,121
false,412209133,,false,7117759ef-f564-b2fd-245c-b15e2cae2133,JULONGJIAYA2,BZYS 3,CHN,fishing,fishing,412209133-7117759ef-f564-b2fd-245c-b15e2cae2133-018ee15c6a90,2024-04-15 10:45:14.000000 UTC,CHN,TAIZHOU,4,63.54,0,74,31
false,412209135,,false,13b2ff18f-fa9a-2e1c-863e-470e0c73a469,JU LONG JIA YA 3,BZYS4,CHN,fishing,fishing,412209135-13b2ff18f-fa9a-2e1c-863e-470e0c73a469-018ec2b9b818,2024-04-09 11:58:55.000000 UTC,CHN,CHN-170,3,69.5,1,88,100
true,412209136,,false,c1ee645ef-fff3-9d8e-b235-9a2d7b12914c,JU LONG JIA YA 6,BZYS 7,CHN,fishing,fishing,412209136-c1ee645ef-fff3-9d8e-b235-9a2d7b12914c-018a04ae6a70,2023-08-17 18:07:34.000000 UTC,CHN,TAIZHOU,4,305.21,0,3,2
true,412209136,,false,8c633eaa7-78bb-50d9-a82c-f4e53452de3e,XINHAI 1259,BZYS5,CHN,fishing,fishing,412209136-8c633eaa7-78bb-50d9-a82c-f4e53452de3e-018ed1a69c88,2024-04-12 09:32:21.000000 UTC,CHN,CHN-2289,4,66.58,3,91,99
false,412209137,,false,3c5955e5f-f81a-2412-c8eb-cc77f718aa4c,JULONGJIAYA5,BZYS 6,CHN,fishing,fishing,412209137-3c5955e5f-f81a-2412-c8eb-cc77f718aa4c-018ef224e500,2024-04-18 16:58:08.000000 UTC,CHN,TAIZHOU,4,60.29,0,69,32
false,412209138,,false,602daf37c-cae5-5b97-db44-95c03de6e41a,JU LONG JIA YA 6,BZYS 7,CHN,fishing,inconclusive,412209138-602daf37c-cae5-5b97-db44-95c03de6e41a-018ef0ae5e18,2024-04-18 10:09:03.000000 UTC,CHN,TAIZHOU,4,60.54,1,46,16
true,412209139,,false,51d002bfc-c972-31f8-a9c4-08cdbe926447,XIN HAI 1209,BZYS8,CHN,fishing,fishing,412209139-51d002bfc-c972-31f8-a9c4-08cdbe926447-018ec25b7730,2024-04-09 10:15:58.000000 UTC,CHN,CHN-2289,4,69.54,1,50,41
true,412209142,,false,ad5df6b76-6c75-f40d-0033-6c591aebb97d,XIN HAI 1219,BZYT2,CHN,fishing,fishing,412209142-ad5df6b76-6c75-f40d-0033-6c591aebb97d-018ec267c3a0,2024-04-09 10:29:24.000000 UTC,CHN,CHN-2289,4,69.54,0,38,17
false,412209143,8540264,false,b7a7adcfe-e38c-3a68-2b0d-c711d20f237f,JU LONG JIA YA 10,BZYT3,CHN,fishing,fishing,412209143-b7a7adcfe-e38c-3a68-2b0d-c711d20f237f-018ed1dd15d8,2024-04-12 10:31:51.000000 UTC,CHN,CHN-170,4,66.54,2,96,109
false,412270002,8607373,false,4822d6e0b-bccc-5a41-edf2-04c872e7111b,LONG TENG,BZZQ6,CHN,fishing,trawlers,412270002-4822d6e0b-bccc-5a41-edf2-04c872e7111b-018ef6f5ed40,2024-04-19 15:24:56.000000 UTC,KOR,BUSAN,4,59.33,2,9,116
false,412329641,,false,d1db2627b-b53a-f828-a515-997ef208e5a5,LURONGYUANYUYUN168,BBZS4,CHN,carrier,carrier,412329641-d1db2627b-b53a-f828-a515-997ef208e5a5-018ff0e0dab8,2024-06-07 04:06:59.000000 UTC,CHN,ZHOUSHAN,4,10.79,0,3,0
false,412330149,,false,160acc07e-e171-8573-79dc-d289cceee5e8,LURONGYUANYUYUN789,BCLN9,CHN,carrier,carrier,412330149-160acc07e-e171-8573-79dc-d289cceee5e8-018fbfa0e600,2024-05-28 14:35:44.000000 UTC,KOR,BUSAN,4,20.38,0,11,5
true,412331088,,false,9a268842c-cdc1-f3cc-9400-557eb622550f,LU HUANG YUAN YU 118,BZTE9,CHN,fishing,squid_jigger,412331088-9a268842c-cdc1-f3cc-9400-557eb622550f-018fd7120710,2024-06-02 03:50:34.000000 UTC,KOR,BUSAN,4,15.83,0,5,7
false,412331167,,false,c3aef5bcf-ff1b-4305-a14a-1ad2fe47ab78,LURONGYUANYUYUN998,BCFD5,CHN,carrier,carrier,412331167-c3aef5bcf-ff1b-4305-a14a-1ad2fe47ab78-018f9984b028,2024-05-21 04:59:21.000000 UTC,CHN,TAIZHOU,4,27.79,4,27,0
false,412331486,8786466,false,99df0aba7-72a2-2ac9-c54b-99be9f6b782d,LURONGYUANYUYUN009,BCFI9,CHN,carrier,carrier,412331486-99df0aba7-72a2-2ac9-c54b-99be9f6b782d-018f71767df0,2024-05-13 10:19:02.000000 UTC,CHN,SHIDAO,4,35.54,6,33,37
false,412336831,9882803,false,a8cea29a9-9708-52ed-a978-9552ac4bc2ba,LURONGYUANYUYUN008,BZYM4,CHN,carrier,carrier,412336831-a8cea29a9-9708-52ed-a978-9552ac4bc2ba-018fc865ae10,2024-05-30 07:27:38.000000 UTC,KOR,BUSAN,4,18.67,0,11,12
false,412349626,,false,a2dd98ae8-8eb9-aaf5-b65c-968b110bed2a,LUQINGXINYU60127,60127,CHN,fishing,trawlers,412349626-a2dd98ae8-8eb9-aaf5-b65c-968b110bed2a-018fcdf7acc0,2024-05-31 09:25:12.000000 UTC,CHN,LANGYA,4,17.58,16,27,46
false,412420597,,false,754293819-9a64-5aeb-2d62-39e6f52be1b8,DONGYU1519,BZ8VK,CHN,fishing,squid_jigger,412420597-754293819-9a64-5aeb-2d62-39e6f52be1b8-018feb673668,2024-06-06 02:36:01.000000 UTC,KOR,BUSAN,4,11.88,0,6,0
true,412420954,,false,5931fb453-3ee1-27fb-1e13-969a65f91c6e,XINHAI1201,BZV2S,CHN,fishing,fishing,412420954-5931fb453-3ee1-27fb-1e13-969a65f91c6e-018ec25cbb68,2024-04-09 10:17:21.000000 UTC,CHN,CHN-170,4,69.54,0,81,69
true,412420956,,false,8a729bdb4-4720-774d-0b3d-215d2094cee9,XINHAI1202,BZV3S,CHN,fishing,fishing,412420956-8a729bdb4-4720-774d-0b3d-215d2094cee9-018ed05a4a50,2024-04-12 03:29:22.000000 UTC,KOR,BUSAN,4,66.83,0,35,5
true,412421008,,false,baa8c4c19-9961-d924-0860-1131b7e3e9d6,XIN HAI 1206,BZV4Z,CHN,fishing,fishing,412421008-baa8c4c19-9961-d924-0860-1131b7e3e9d6-018ed0a1c330,2024-04-12 04:47:26.000000 UTC,KOR,BUSAN,4,66.79,4,93,95
true,412421009,,false,b40f5a27b-bd55-0f96-3b67-692247bb32b1,XINHAI1205,BZV3Z,CHN,fishing,fishing,412421009-b40f5a27b-bd55-0f96-3b67-692247bb32b1-018ed0501cd8,2024-04-12 03:18:15.000000 UTC,KOR,BUSAN,4,66.83,3,103,117
true,412421011,,false,2e45ce64f-f565-8a0e-ee1e-0b059565e65c,XIN HAI 1208,BZV6Z,CHN,fishing,fishing,412421011-2e45ce64f-f565-8a0e-ee1e-0b059565e65c-018ec23adf70,2024-04-09 09:40:22.000000 UTC,CHN,CHN-170,4,69.58,4,100,100
true,412421012,,false,73304b604-4727-e368-9cc6-ecbb16ec4c7a,XINHAI1207,BZV5Z,CHN,fishing,fishing,412421012-73304b604-4727-e368-9cc6-ecbb16ec4c7a-018ec2a6b100,2024-04-09 11:38:08.000000 UTC,CHN,ZHOUSHAN,4,69.5,0,72,43
true,412421035,,false,920c1cd06-62cd-c834-4881-582b57f04169,XIN HAI 1225,BZW8E,CHN,fishing,fishing,412421035-920c1cd06-62cd-c834-4881-582b57f04169-018ed1c557b8,2024-04-12 10:05:55.000000 UTC,CHN,CHN-170,3,66.54,0,80,56
true,412421036,8786820,false,7cb833166-68f5-c72c-a2cd-99075ef1e790,XIN HAI 1227,BZW9E,CHN,fishing,fishing,412421036-7cb833166-68f5-c72c-a2cd-99075ef1e790-018ec250e810,2024-04-09 10:04:26.000000 UTC,CHN,CHN-170,4,69.54,4,100,104
true,412421075,,false,84c14dc2c-c409-cbca-d694-f55fab531b97,XIN HAI 1273,BZW5L,CHN,fishing,fishing,412421075-84c14dc2c-c409-cbca-d694-f55fab531b97-018ed0f10440,2024-04-12 06:14:00.000000 UTC,KOR,BUSAN,4,66.71,2,92,86
true,412421076,8788062,false,26ed9cf93-3621-89ad-42a0-0506f802b1d9,XIN HAI 1235,BZW4L,CHN,fishing,fishing,412421076-26ed9cf93-3621-89ad-42a0-0506f802b1d9-018ed1d019a0,2024-04-12 10:17:40.000000 UTC,CHN,CHN-170,4,66.54,2,109,116
false,412439608,9754018,false,2da9677eb-b888-fee1-1c89-85a50014f3a0,YONG FA 1,BZU2N,CHN,fishing,squid_jigger,412439608-2da9677eb-b888-fee1-1c89-85a50014f3a0-0190065d2108,2024-06-11 08:14:45.000000 UTC,KOR,BUSAN,4,6.63,0,1,0
false,412439762,9807451,false,16c81a5c4-4927-2781-d10e-996ea5badb19,Y0NG FA  7,BZW4B,CHN,fishing,squid_jigger,412439762-16c81a5c4-4927-2781-d10e-996ea5badb19-01900176a880,2024-06-10 09:24:32.000000 UTC,KOR,BUSAN,4,7.58,0,1,0
false,412440241,,false,08fafdf59-9c44-d992-a56b-78856f72f38f,FUYUANYU658,BVKQ8,CHN,fishing,fishing,412440241-08fafdf59-9c44-d992-a56b-78856f72f38f-018e7e19b9d8,2024-03-27 04:09:59.000000 UTC,KOR,BUSAN,4,82.79,4,141,148
false,412440242,,false,5fdb48d70-098e-1453-a586-e71d0e355ab4,FUYUANYU659,BVKR8,CHN,fishing,fishing,412440242-5fdb48d70-098e-1453-a586-e71d0e355ab4-018e7fdcab40,2024-03-27 12:22:32.000000 UTC,KOR,BUSAN,4,82.46,2,122,120
false,412440243,,false,475351415-52b9-41e4-6ef5-2c086ba727b9,FU YUAN YU601,BZU9E,CHN,fishing,fishing,412440243-475351415-52b9-41e4-6ef5-2c086ba727b9-018ef98f35c0,2024-04-20 03:31:36.000000 UTC,KOR,BUSAN,4,58.83,0,97,87
false,412440244,,false,66bf0e2c2-2e2a-9739-c14b-bcae5af3be4e,FUYUANYU602,BZU1F,CHN,fishing,fishing,412440244-66bf0e2c2-2e2a-9739-c14b-bcae5af3be4e-018f0f2787c0,2024-04-24 08:10:00.000000 UTC,KOR,BUSAN,4,54.63,0,91,85
false,412440246,,false,be8fb25b1-18ce-42a4-e6e3-3677b99109ce,FU YUAN YU 605,BZU3F,CHN,fishing,fishing,412440246-be8fb25b1-18ce-42a4-e6e3-3677b99109ce-018ef03234f0,2024-04-18 07:53:26.000000 UTC,KOR,BUSAN,4,60.67,0,53,12
false,412440247,,false,6c0bc52ba-a0b7-097e-3404-ae8c4d5c6e65,FUYUANYU606,BZU4F,CHN,fishing,fishing,412440247-6c0bc52ba-a0b7-097e-3404-ae8c4d5c6e65-018efa4cffb0,2024-04-20 06:58:54.000000 UTC,KOR,BUSAN,4,58.71,0,87,67
false,412440248,,false,9cc54831d-df4e-ed0f-1e6c-2d8780fd8d8d,FU YUAN YU 607,BZU5F,CHN,fishing,fishing,412440248-9cc54831d-df4e-ed0f-1e6c-2d8780fd8d8d-018f10c95c98,2024-04-24 15:46:23.000000 UTC,KOR,BUSAN,4,54.33,0,78,79
false,412440249,,false,bcc78e717-7a8a-6ef6-7fc0-60bfeb354117,FU YUAN YU 608,BZU6F,CHN,fishing,fishing,412440249-bcc78e717-7a8a-6ef6-7fc0-60bfeb354117-018eef9d9de0,2024-04-18 05:11:08.000000 UTC,KOR,BUSAN,4,60.75,0,76,36
false,412440251,,false,25e7e8e70-0863-6af1-8498-664429b65a01,FU YUAN YU609,BZU7F,CHN,fishing,fishing,412440251-25e7e8e70-0863-6af1-8498-664429b65a01-018f100adb10,2024-04-24 12:18:18.000000 UTC,KOR,BUSAN,4,54.46,0,73,56
false,412440252,,false,38a823021-1c59-894f-6eda-98423873b493,FUYUANYULENG15,BZU3K,CHN,carrier,carrier,412440252-38a823021-1c59-894f-6eda-98423873b493-018f70941cd0,2024-05-13 06:11:46.000000 UTC,KOR,BUSAN,4,35.71,0,23,30
false,412440253,,false,455d75750-084b-f8ee-58e8-74046e5fa78f,FU YUAN YU LENG 16,BZU4K,CHN,carrier,carrier,412440253-455d75750-084b-f8ee-58e8-74046e5fa78f-018ff71ccd38,2024-06-08 09:10:11.000000 UTC,KOR,BUSAN,4,9.58,0,0,0
false,412440359,8548620,false,7072756f2-2ee0-9237-a7d0-847dad538a45,FUYUANYU689,BVLK5,CHN,fishing,fishing,412440359-7072756f2-2ee0-9237-a7d0-847dad538a45-018ff213e830,2024-06-07 09:42:22.000000 UTC,CHN,QUANZHOU,4,10.58,0,0,0
false,412440361,8548618,false,ca16a5ce7-7a83-62b2-2958-dbb621abee0a,FU YUAN YU 688,BVLJ5,CHN,fishing,fishing,412440361-ca16a5ce7-7a83-62b2-2958-dbb621abee0a-018fddee7398,2024-06-03 11:49:03.000000 UTC,CHN,QUANZHOU,4,14.5,0,0,0
false,412440363,8548591,false,162d7f86a-a205-3f6f-77ac-6f13c3548bc2,FU YUAN YU 686,00686,CHN,fishing,fishing,412440363-162d7f86a-a205-3f6f-77ac-6f13c3548bc2-018fdecbeed0,2024-06-03 15:50:58.000000 UTC,CHN,QUANZHOU,4,14.33,0,0,5
false,412440365,,false,8be866c06-6e6e-0ba1-bbcd-ceec5ad3dfcd,FUYUANYU678,,CHN,fishing,fishing,412440365-8be866c06-6e6e-0ba1-bbcd-ceec5ad3dfcd-018fed4a8cc8,2024-06-06 11:23:57.000000 UTC,CHN,QUANZHOU,4,11.5,0,10,0
false,412440366,8548577,false,545cc2d7a-a5ca-3ab1-5478-233a979a7231,FUYUANYU677,BVKZ5,CHN,fishing,fishing,412440366-545cc2d7a-a5ca-3ab1-5478-233a979a7231-018aa32effe8,2023-09-17 12:48:01.000000 UTC,MYS,TANJUNG PELEPAS,4,274.46,2,57,64
false,412440367,,false,eef922449-9ff7-e334-b6aa-e41d3a0cd406,FUYUANYU676,BVKY5,CHN,fishing,fishing,412440367-eef922449-9ff7-e334-b6aa-e41d3a0cd406-018823a08370,2023-05-16 08:15:02.000000 UTC,CHN,CHN-2051,4,398.63,0,8,8
false,412440368,8548553,false,c0445c69f-f037-d660-ffeb-fa65023d336f,FUYUANYU675,BVKX5,CHN,fishing,fishing,412440368-c0445c69f-f037-d660-ffeb-fa65023d336f-018fce039b70,2024-05-31 09:38:14.000000 UTC,CHN,QUANZHOU,4,17.58,0,1,14
false,412440369,8548541,false,bf89e7457-768d-6bb7-bb44-32c8313725cd,FU YUAN YU 673,BVKW5,CHN,fishing,fishing,412440369-bf89e7457-768d-6bb7-bb44-32c8313725cd-018fb91773a8,2024-05-27 08:07:53.000000 UTC,CHN,QUANZHOU,3,21.63,0,17,20
false,412440423,,false,dfbca3368-8926-3a4d-a28c-77d49a7c00f8,FUYUANYU079,BZU7V,CHN,fishing,fishing,412440423-dfbca3368-8926-3a4d-a28c-77d49a7c00f8-018e31627580,2024-03-12 06:38:40.000000 UTC,CHN,QUANZHOU,4,97.71,1,67,47
false,412440424,,false,92046dd2e-e1ea-0a9b-ccc5-12de25972fc2,FUYUANYU083,BZU8V,CHN,fishing,inconclusive,412440424-92046dd2e-e1ea-0a9b-ccc5-12de25972fc2-018f148602f0,2024-04-25 09:11:18.000000 UTC,KOR,BUSAN,4,53.58,0,3,1
false,412440477,,false,b01e010be-ed85-a414-3147-592544988e3d,FU YUAN YU 080,BZUN6,CHN,fishing,fishing,412440477-b01e010be-ed85-a414-3147-592544988e3d-018f2e182f40,2024-04-30 08:21:28.000000 UTC,KOR,BUSAN,4,48.63,2,69,50
false,412440478,,false,087d7a1c4-484c-8bbd-b3d3-8e3262a76ead,FUYUANYU081,BZUN7,CHN,fishing,fishing,412440478-087d7a1c4-484c-8bbd-b3d3-8e3262a76ead-018f13893430,2024-04-25 04:35:10.000000 UTC,KOR,BUSAN,4,53.79,1,39,18
false,412440479,,false,ca2fc47ff-f386-c7f3-68ca-b2a26fc33e6e,FU YUAN YU 082,BZUN8,CHN,fishing,fishing,412440479-ca2fc47ff-f386-c7f3-68ca-b2a26fc33e6e-018e8395bf88,2024-03-28 05:43:33.000000 UTC,CHN,QUANZHOU,4,81.75,0,66,37
false,412440481,,false,3a4f3f19a-ac08-9f7d-b36a-9a87f909d311,FUYUANYU085,BZUN9,CHN,fishing,fishing,412440481-3a4f3f19a-ac08-9f7d-b36a-9a87f909d311-018f158e1098,2024-04-25 13:59:43.000000 UTC,KOR,BUSAN,4,53.42,1,76,65
false,412440482,,false,47f692d02-20bb-3607-4104-99f666388b5c,FUYUANYU660,BVGL8,CHN,fishing,fishing,412440482-47f692d02-20bb-3607-4104-99f666388b5c-018e8108c378,2024-03-27 17:50:19.000000 UTC,KOR,BUSAN,4,82.25,3,122,104
false,412440483,,false,2af949e0c-c0f3-69f4-7774-39aba8f94788,FUYUANYU661,BVJI8,CHN,fishing,fishing,412440483-2af949e0c-c0f3-69f4-7774-39aba8f94788-018e7e87d940,2024-03-27 06:10:16.000000 UTC,KOR,BUSAN,4,82.71,2,132,102
false,412440484,,false,0a51c1af7-7fcf-a948-6f31-95cc874c1bde,FUYUANYU662,BVJJ8,CHN,fishing,fishing,412440484-0a51c1af7-7fcf-a948-6f31-95cc874c1bde-018e81dc2c90,2024-03-27 21:41:14.000000 UTC,KOR,BUSAN,4,82.08,3,151,154
false,412440486,,false,df47505c6-6e70-37da-1a42-1b8fa8844fb2,FUYUANYU664,BVJL8,CHN,fishing,fishing,412440486-df47505c6-6e70-37da-1a42-1b8fa8844fb2-018e7f80df40,2024-03-27 10:42:16.000000 UTC,KOR,BUSAN,4,82.54,2,119,111
false,412440509,,false,9ed4cc010-0597-9415-0bc4-34b8ad36d952,FU YUAN YU 816,BVTC7,CHN,fishing,fishing,412440509-9ed4cc010-0597-9415-0bc4-34b8ad36d952-018a12b3a248,2023-08-20 11:27:57.000000 UTC,MYS,TANJUNG PELEPAS,4,302.5,56,355,336
false,412440515,,false,df925f325-5425-98ec-3e65-642812a2a1ec,FU YUAN YU YUN 65,BVKI8,CHN,carrier,carrier,412440515-df925f325-5425-98ec-3e65-642812a2a1ec-018ffa511180,2024-06-09 00:06:08.000000 UTC,KOR,BUSAN,4,8.96,0,3,0
false,412440679,,false,cd57af2e6-6f5e-455b-3da5-dd6810ace7d1,FU YUAN YU 8672,BZUY2,CHN,fishing,fishing,412440679-cd57af2e6-6f5e-455b-3da5-dd6810ace7d1-018f49cbb8d8,2024-05-05 17:27:19.000000 UTC,CHN,TAIZHOU,4,43.25,1,50,31
false,412440681,,false,4d3b860b5-51f1-ef48-f164-34f3e5fbde98,FUYUANYU8673,BZUY3,CHN,fishing,fishing,412440681-4d3b860b5-51f1-ef48-f164-34f3e5fbde98-018ef0b5fb50,2024-04-18 10:17:22.000000 UTC,CHN,TAIZHOU,4,60.54,1,87,62
false,412440682,,false,18e4b68e7-797b-6278-fdc0-8a841478761e,FU YUAN YU 8674,BZUY4,CHN,fishing,fishing,412440682-18e4b68e7-797b-6278-fdc0-8a841478761e-018ee159da50,2024-04-15 10:42:26.000000 UTC,CHN,TAIZHOU,4,63.54,2,79,54
false,412440683,,false,359b993b2-24b2-4f19-a966-c8c315ab8ba7,FU YUAN YU 8675,BZUY5,CHN,fishing,fishing,412440683-359b993b2-24b2-4f19-a966-c8c315ab8ba7-018ef088b578,2024-04-18 09:27:55.000000 UTC,CHN,TAIZHOU,4,60.58,1,107,76
false,412440684,,false,6970aaf64-4a7f-b1db-b7e9-e86881e15ca5,FU YUAN YU 8676,BZUY6,CHN,fishing,fishing,412440684-6970aaf64-4a7f-b1db-b7e9-e86881e15ca5-018ee12c9090,2024-04-15 09:52:58.000000 UTC,CHN,TAIZHOU,4,63.58,0,82,77
false,412440685,,false,8a488af23-3445-c221-036c-f6e11818efc8,FU YUAN YU 8677,BZUY7,CHN,fishing,fishing,412440685-8a488af23-3445-c221-036c-f6e11818efc8-018ee1737118,2024-04-15 11:10:23.000000 UTC,CHN,TAIZHOU,4,63.5,1,92,76
false,412440686,,false,954588171-1158-0702-d267-103aedfc38a6,FU YUAN YU 8678,BZVL8,CHN,fishing,fishing,412440686-954588171-1158-0702-d267-103aedfc38a6-018ee17401a0,2024-04-15 11:11:00.000000 UTC,CHN,TAIZHOU,4,63.5,0,40,9
true,412440697,,false,959b1d382-2363-06eb-df28-0111e97c99f8,FU YUAN YU8661,BZUW7,CHN,fishing,fishing,412440697-959b1d382-2363-06eb-df28-0111e97c99f8-018f04b80580,2024-04-22 07:32:00.000000 UTC,CHN,TAIZHOU,4,56.67,1,25,4
true,412440698,,false,c6b60e7a5-5680-85e8-24b8-a1d7cbc84bc1,FU YUAN YU 8662,BZUW8,CHN,fishing,fishing,412440698-c6b60e7a5-5680-85e8-24b8-a1d7cbc84bc1-018ef219ec68,2024-04-18 16:46:09.000000 UTC,CHN,TAIZHOU,4,60.29,3,85,61
false,412440807,9931006,false,fed0a376d-d79c-fdff-dacb-fc44204f578a,FU YUAN YU 7007,BZU1D,CHN,fishing,fishing,412440807-fed0a376d-d79c-fdff-dacb-fc44204f578a-018ee53606f8,2024-04-16 04:41:47.000000 UTC,KOR,BUSAN,4,62.79,1,104,107
false,412549017,,false,c89605d07-73d1-9e5e-6b9f-7a3bf9074f03,ZHANHAI002,BZWA2,CHN,fishing,squid_jigger,412549017-c89605d07-73d1-9e5e-6b9f-7a3bf9074f03-018ffbac9270,2024-06-09 06:25:42.000000 UTC,KOR,BUSAN,4,8.71,0,1,0
false,412549037,9882621,false,cee0e874b-bbe5-f463-f396-921f9d14c469,LURONGYUANYUYUN888,BZVE2,CHN,carrier,carrier,412549037-cee0e874b-bbe5-f463-f396-921f9d14c469-018ff6e6d4d0,2024-06-08 08:11:14.000000 UTC,KOR,BUSAN,4,9.63,0,2,0
false,412549038,,false,b7c36239b-b113-ec04-272e-32d544528ced,LURONGYUANYUYUN999,BZVE3,CHN,carrier,carrier,412549038-b7c36239b-b113-ec04-272e-32d544528ced-018f9e9e61f8,2024-05-22 04:45:31.000000 UTC,CHN,SHIDAO,4,26.79,6,18,0
false,412549087,9904156,false,f7e30df96-69f8-97fd-afb7-72eb15d08fc3,ZHAN HAI 003,BZWD7,CHN,fishing,squid_jigger,412549087-f7e30df96-69f8-97fd-afb7-72eb15d08fc3-018feb741748,2024-06-06 02:50:05.000000 UTC,KOR,BUSAN,4,11.88,1,6,0
false,412549133,,false,71e26b0f7-7c79-c2ba-7708-9f7ce6358652,LURONGYUANYU301,BZZU4,CHN,fishing,fishing,412549133-71e26b0f7-7c79-c2ba-7708-9f7ce6358652-018e8f56c038,2024-03-30 12:30:11.000000 UTC,KOR,BUSAN,4,79.46,1,136,122
false,412549135,,false,733973421-17ee-8d5c-92b4-036314d53725,LU RONG YUAN YU 303,BZZU6,CHN,fishing,fishing,412549135-733973421-17ee-8d5c-92b4-036314d53725-018e92d26dc0,2024-03-31 04:44:08.000000 UTC,KOR,BUSAN,4,78.79,2,136,142
false,412549137,,false,8a91a894c-c97e-d8b2-6845-fd34e48dc13f,LURONGYUANYU306,BZZU8,CHN,fishing,fishing,412549137-8a91a894c-c97e-d8b2-6845-fd34e48dc13f-018e917840a8,2024-03-30 22:26:01.000000 UTC,KOR,BUSAN,4,79.04,1,120,99
false,412549138,,false,78c85d12e-e26c-d7c5-da14-04e3582b0804,LURONGYUANYU313,BZZU9,CHN,fishing,fishing,412549138-78c85d12e-e26c-d7c5-da14-04e3582b0804-018730d62fa0,2023-03-30 04:45:56.000000 UTC,CHN,SHIDAO,4,445.79,19,550,500
false,412549166,,false,4e680e59e-e19d-c08c-6406-59988764847f,XING WANG 99,BZUM5,CHN,carrier,carrier,412549166-4e680e59e-e19d-c08c-6406-59988764847f-018fcdeef260,2024-05-31 09:15:40.000000 UTC,KOR,BUSAN,4,17.58,0,8,0
true,412549267,,false,782089adb-bba2-42c3-8377-b2a4794aa3df,XIN HAI 1258,BZW7S,CHN,fishing,fishing,412549267-782089adb-bba2-42c3-8377-b2a4794aa3df-018ed1833dd8,2024-04-12 08:53:43.000000 UTC,CHN,CHN-2289,4,66.63,3,98,91
false,412549313,,false,e1fe72253-3de2-1747-e144-81383cc25e6b,LURONGYUANYU316,BZ5UP,CHN,fishing,drifting_longlines,412549313-e1fe72253-3de2-1747-e144-81383cc25e6b-018af980afb8,2023-10-04 07:04:35.000000 UTC,FJI,SUVA,4,257.67,1,131,646
false,412549315,,false,df8fd3c7f-fbc1-33ab-bfbe-2e25b89ce9fe,ZHOU YU 925,BZW5X,CHN,fishing,squid_jigger,412549315-df8fd3c7f-fbc1-33ab-bfbe-2e25b89ce9fe-018a22531d78,2023-08-23 12:16:27.000000 UTC,CHN,NINGBO,4,299.46,11,384,304
false,412549319,,false,0d45d44a6-61b4-4641-2737-3585024e8502,ZHOU YU 929,BZW9X,CHN,fishing,squid_jigger,412549319-0d45d44a6-61b4-4641-2737-3585024e8502-018e80b89038,2024-03-27 16:22:43.000000 UTC,PER,CALLAO,4,82.29,1,83,66
false,412549355,9930545,false,d812ef11e-ec04-257e-e222-e463b42a7f0d,FU YUAN YU 8729,BZW7N,CHN,fishing,fishing,412549355-d812ef11e-ec04-257e-e222-e463b42a7f0d-018ebc35fab0,2024-04-08 05:37:18.000000 UTC,CHN,CHN-2217,3,70.75,3,97,88
false,412549356,9930583,false,c41a9b65a-a322-f1f8-c78d-1dd5eb6c37ab,FU YUAN YU 8730,BZW8N,CHN,fishing,fishing,412549356-c41a9b65a-a322-f1f8-c78d-1dd5eb6c37ab-018f09b90ae8,2024-04-23 06:51:13.000000 UTC,CHN,TAIZHOU,4,55.71,2,95,96
false,412549358,9930571,false,4f761ab51-1f52-4686-1799-6a13c0109277,FU YUAN YU 8732,BZW1O,CHN,fishing,fishing,412549358-4f761ab51-1f52-4686-1799-6a13c0109277-018f1bb57178,2024-04-26 18:40:27.000000 UTC,CHN,TAIZHOU,4,52.21,1,88,74
false,412549359,,false,350afe208-8a86-d0e0-533d-42297c715656,FU YUAN YU 8733,BZW2O,CHN,fishing,fishing,412549359-350afe208-8a86-d0e0-533d-42297c715656-018ee12f76c0,2024-04-15 09:56:08.000000 UTC,CHN,TAIZHOU,4,63.58,1,99,78
true,412549366,9933731,false,d9bc7809f-f1ce-4fa1-82ed-2f6e434eaa17,FUYUANYU  8638,BZW6V,CHN,fishing,fishing,412549366-d9bc7809f-f1ce-4fa1-82ed-2f6e434eaa17-018ee0a547c0,2024-04-15 07:25:12.000000 UTC,CHN,TAIZHOU,4,63.67,3,102,86
true,412549371,,false,fd3caead4-4745-dbc4-1130-0370911b8544,FUYUANYU  8642,BZ8VX,CHN,fishing,fishing,412549371-fd3caead4-4745-dbc4-1130-0370911b8544-018ef1261a70,2024-04-18 12:19:50.000000 UTC,CHN,TAIZHOU,4,60.46,3,89,80
true,412549373,,false,6316db9af-f110-8d4d-b61b-4e43a6971bdd,FUYUANYU 8644,BZ3VX,CHN,fishing,fishing,412549373-6316db9af-f110-8d4d-b61b-4e43a6971bdd-018ef05acb90,2024-04-18 08:37:46.000000 UTC,CHN,TAIZHOU,4,60.63,2,71,83
true,412549374,,false,6b6ffb4c6-6807-c452-0b7e-db9f171e3b61,FUYUANYU8645,BZW7V,CHN,fishing,fishing,412549374-6b6ffb4c6-6807-c452-0b7e-db9f171e3b61-018ef03e17e8,2024-04-18 08:06:25.000000 UTC,CHN,TAIZHOU,4,60.63,4,94,109
true,412549375,9934589,false,f46f7a258-828a-8f8f-878e-845e99208dd3,FYUANYU 8646,BZ2VZ,CHN,fishing,fishing,412549375-f46f7a258-828a-8f8f-878e-845e99208dd3-018ef03486b0,2024-04-18 07:55:58.000000 UTC,CHN,TAIZHOU,4,60.67,2,95,113
false,412549473,9861275,false,912c09db9-9673-7942-3ff4-376280f24538,LURONGYUANYUYUN178,BZYF3,CHN,carrier,carrier,412549473-912c09db9-9673-7942-3ff4-376280f24538-018fc2d53218,2024-05-29 05:31:43.000000 UTC,KOR,BUSAN,4,19.75,4,19,0
false,412549487,8573106,false,ab44b2173-3e08-51c7-30a6-5c80b493e68b,FU YUAN YU 8281,BZW1Z,CHN,fishing,fishing,412549487-ab44b2173-3e08-51c7-30a6-5c80b493e68b-018eaca72d08,2024-04-05 05:07:01.000000 UTC,KOR,BUSAN,4,73.75,2,122,161
false,412549488,8573118,false,1ab4dabcf-fd7e-f79d-10d0-8aa19023ca7a,FU YUAN YU 8282,BZW2Z,CHN,fishing,fishing,412549488-1ab4dabcf-fd7e-f79d-10d0-8aa19023ca7a-018e9e0cecd8,2024-04-02 09:03:51.000000 UTC,KOR,BUSAN,4,76.58,3,130,202
false,412549489,8573120,false,fafef5664-44b7-e789-5a28-82b1434f965a,FUYUANYU8283,BZW3Z,CHN,fishing,fishing,412549489-fafef5664-44b7-e789-5a28-82b1434f965a-018e9f406f80,2024-04-02 14:39:44.000000 UTC,KOR,BUSAN,4,76.38,0,93,133
false,412549491,8573132,false,a55283248-86c3-36a8-0318-47c65a29aef0,FU YUAN YU 8285,BZW5Z,CHN,fishing,fishing,412549491-a55283248-86c3-36a8-0318-47c65a29aef0-018ea11a01e0,2024-04-02 23:17:00.000000 UTC,KOR,BUSAN,4,76.0,2,109,176
false,412549492,8573144,false,dcdffe911-16aa-73f8-7587-25af5e914589,FUYUANYU8286,BZW6Z,CHN,fishing,fishing,412549492-dcdffe911-16aa-73f8-7587-25af5e914589-018e9d84cd30,2024-04-02 06:35:10.000000 UTC,KOR,BUSAN,4,76.71,1,119,149
false,412549493,8573156,false,2d2b850bf-f0b7-e902-2ca4-3d0725dfd404,FU YUAN YU 8287,BZW7Z,CHN,fishing,fishing,412549493-2d2b850bf-f0b7-e902-2ca4-3d0725dfd404-018ea11b2ea8,2024-04-02 23:18:17.000000 UTC,KOR,BUSAN,4,76.0,2,130,160
false,412549495,8573168,false,5f0bb5ac3-3daf-f758-010a-d3e10b2c2ba5,FUYUANYU8288,BZW8Z,CHN,fishing,fishing,412549495-5f0bb5ac3-3daf-f758-010a-d3e10b2c2ba5-018e9e291bb0,2024-04-02 09:34:38.000000 UTC,KOR,BUSAN,4,76.58,2,113,182
false,412549496,8573170,false,b03025fa9-98c5-323b-8273-81da1edeb5f6,FUYUANYU8289,BZW9Z,CHN,fishing,fishing,412549496-b03025fa9-98c5-323b-8273-81da1edeb5f6-018e9ea70de0,2024-04-02 11:52:12.000000 UTC,KOR,BUSAN,4,76.5,2,122,168
false,412549497,9929156,false,26876cd96-6cfa-b355-a348-63995ebf558f,FUYUANYU8290,BZW4Z,CHN,fishing,fishing,412549497-26876cd96-6cfa-b355-a348-63995ebf558f-018ea121b2a0,2024-04-02 23:25:24.000000 UTC,KOR,BUSAN,4,76.0,1,126,168
false,412549498,9929168,false,f1b303084-4fd6-4063-f4f2-3340564bc307,FUYUANYU8291,BZW1X,CHN,fishing,fishing,412549498-f1b303084-4fd6-4063-f4f2-3340564bc307-018e9d9f5240,2024-04-02 07:04:08.000000 UTC,KOR,BUSAN,4,76.67,3,126,165
false,412549501,9920930,false,83592c8a0-043c-415c-0632-61404d477522,FU YUAN YU YUN 878,BZW8Y,CHN,carrier,carrier,412549501-83592c8a0-043c-415c-0632-61404d477522-018fecfbfb80,2024-06-06 09:58:08.000000 UTC,KOR,BUSAN,4,11.58,0,4,5
false,412549507,9930997,false,38e7e78e4-46ea-a1c3-fd49-72cd64140842,FU YUAN YU 7008,BZU2D,CHN,fishing,fishing,412549507-38e7e78e4-46ea-a1c3-fd49-72cd64140842-018ee603d290,2024-04-16 08:26:34.000000 UTC,KOR,BUSAN,4,62.63,0,104,103
false,412549508,9930868,false,2ffd83caf-f9a5-24d6-5aef-859090b2c5c2,FU YUAN YU 7009,BZU3D,CHN,fishing,fishing,412549508-2ffd83caf-f9a5-24d6-5aef-859090b2c5c2-018ee6edadc0,2024-04-16 12:42:00.000000 UTC,KOR,BUSAN,4,62.46,1,103,127
false,412549509,9930870,false,669489d81-1c77-0e31-7b1e-41069a47ab3e,FU YUAN YU 7010,BZU4D,CHN,fishing,fishing,412549509-669489d81-1c77-0e31-7b1e-41069a47ab3e-018ee79a9b48,2024-04-16 15:50:53.000000 UTC,KOR,BUSAN,4,62.33,0,107,73
false,412549511,9930882,false,4cf88a58e-ea57-81fb-1df7-bf9bb0c23453,FU YUAN YU 7011,BZU5D,CHN,fishing,fishing,412549511-4cf88a58e-ea57-81fb-1df7-bf9bb0c23453-018ee5aa2d58,2024-04-16 06:48:39.000000 UTC,KOR,BUSAN,4,62.71,1,106,82
false,412549512,9930894,false,e926d3ad6-6ace-207a-0c55-1d6dabeb28ad,FU YUAN YU 7012,BZU6D,CHN,fishing,fishing,412549512-e926d3ad6-6ace-207a-0c55-1d6dabeb28ad-018ee6262f70,2024-04-16 09:04:06.000000 UTC,KOR,BUSAN,4,62.58,1,88,83
true,412549515,9920954,false,5e825d3fe-ee7e-c37a-1d20-24d328ddd8b9,FU YUAN YU YUN 991,BZ2US,CHN,carrier,carrier,412549515-5e825d3fe-ee7e-c37a-1d20-24d328ddd8b9-018d19dd48c8,2024-01-17 23:59:09.000000 UTC,CHN,HONGKONG,4,152.0,14,78,0
true,412549528,8537360,false,b7f72689e-ec06-1971-a0ca-45356139c1bc,XIN HAI LENG 1,BZT08,CHN,carrier,carrier,412549528-b7f72689e-ec06-1971-a0ca-45356139c1bc-018f60e207e8,2024-05-10 05:02:57.000000 UTC,CHN,CHN-2289,4,38.75,13,48,0
false,412549529,,false,9f95d7d5b-bade-4866-935b-66025e70e8b5,XIN HAI LENG 2,BZTO9,CHN,carrier,carrier,412549529-9f95d7d5b-bade-4866-935b-66025e70e8b5-018fbce442b8,2024-05-28 01:50:27.000000 UTC,CHN,ZHOUSHAN,4,20.92,0,6,0
false,412549529,,false,216a4136b-b161-2f94-e88e-c6adc5a7c56f,XINHAILENG2,BZT09,CHN,carrier,carrier,412549529-216a4136b-b161-2f94-e88e-c6adc5a7c56f-018c1a637980,2023-11-29 09:22:56.000000 UTC,CHN,NINGBO,4,201.58,11,19,0
true,412549556,8607244,false,b47d73bc2-2ed4-e645-4a52-705ce3584e01,HAILI,BIWV,CHN,carrier,carrier,412549556-b47d73bc2-2ed4-e645-4a52-705ce3584e01-018f1edbdec8,2024-04-27 09:21:17.000000 UTC,KOR,BUSAN,4,51.58,3,30,77
false,412694950,,false,f025c4c84-4487-4bea-102f-0f7e6c063dc7,FUYUANYU F86,BZ1UR,CHN,carrier,carrier,412694950-f025c4c84-4487-4bea-102f-0f7e6c063dc7-018ff1442c80,2024-06-07 05:55:28.000000 UTC,CHN,TAIZHOU,4,10.75,0,2,0
false,413459180,9787716,false,b1337cf7d-d652-70fd-138c-9e11877ea8bc,YONG FA YUN 10,BLBM9,CHN,carrier,carrier,413459180-b1337cf7d-d652-70fd-138c-9e11877ea8bc-018fd33b9b10,2024-06-01 09:57:30.000000 UTC,KOR,BUSAN,4,16.58,4,6,0
false,413707480,,false,f77cd5cd5-53e7-b6db-d1ae-e1ae1facf401,ZHEN   HUA,BOVF8,CHN,carrier,carrier,413707480-f77cd5cd5-53e7-b6db-d1ae-e1ae1facf401-01902352d730,2024-06-16 23:12:30.000000 UTC,CHN,CHAOZHOU,3,1.0,0,0,0
true,416000013,,false,44229c77c-c5a9-f6da-fe00-1181c21c9cd3,HORNG YIH FWU NO268,BJ4593,TWN,fishing,drifting_longlines,416000013-44229c77c-c5a9-f6da-fe00-1181c21c9cd3-018e4f9589c0,2024-03-18 03:23:04.000000 UTC,TWN,SUAO,4,91.83,0,61,152
true,416000141,,false,c04309ae4-4ae9-3453-5220-6978d617c866,HORNG YIH FWU NO.168,BJ4551,TWN,fishing,drifting_longlines,416000141-c04309ae4-4ae9-3453-5220-6978d617c866-018a1643aac0,2023-08-21 04:04:08.000000 UTC,TWN,SUAO,4,301.79,0,8,17
false,416000205,,false,e0695fd39-9713-6460-ca30-650f23860673,MAN I FENG NO22,BJ4483,TWN,fishing,drifting_longlines,416000205-e0695fd39-9713-6460-ca30-650f23860673-018f93a52200,2024-05-20 01:37:04.000000 UTC,TWN,LIUQIU,4,28.92,0,13,38
true,416000206,,false,d6d94f8ad-d1d8-c728-f44f-a4d636798386,BJ4482,BJ4482,TWN,fishing,fishing,416000206-d6d94f8ad-d1d8-c728-f44f-a4d636798386-018f1939af90,2024-04-26 07:06:02.000000 UTC,TWN,DONGGANG,4,52.67,1,36,40
false,416000237,,false,023089867-7010-d739-f2e8-bd5e7e4643e0,LIAN HER FA,BJ4681,TWN,fishing,drifting_longlines,416000237-023089867-7010-d739-f2e8-bd5e7e4643e0-018edf3fcc20,2024-04-15 00:54:44.000000 UTC,TWN,DONGGANG,4,63.96,0,43,8
false,416000284,,false,aa5af2fc3-359d-9770-bb56-80645e4bfc83,YU SHENG FA,BJ4622,TWN,fishing,drifting_longlines,416000284-aa5af2fc3-359d-9770-bb56-80645e4bfc83-018fc1f9ba80,2024-05-29 01:32:00.000000 UTC,TWN,DONGGANG,4,19.92,0,8,15
false,416000594,,false,ead5686a6-6823-f934-5f1d-7aec735376e7,SHENG YU NO.36,YYYY,TWN,fishing,drifting_longlines,416000594-ead5686a6-6823-f934-5f1d-7aec735376e7-018fc2336050,2024-05-29 02:34:58.000000 UTC,TWN,LIUQIU,4,19.88,0,7,15
true,416000855,,false,17be01f10-032c-7c09-55ac-5e6cd75d1f7b,LIEN YU FA NO31,BJ4736,TWN,fishing,drifting_longlines,416000855-17be01f10-032c-7c09-55ac-5e6cd75d1f7b-018fc7643bd0,2024-05-30 02:46:26.000000 UTC,TWN,DONGGANG,4,18.88,0,8,8
false,416001414,,false,94504e3f2-2a26-0dc5-187d-6c2e6b9b3e72,MAN YI NO 168,BJ4651,TWN,fishing,drifting_longlines,416001414-94504e3f2-2a26-0dc5-187d-6c2e6b9b3e72-018de3321de8,2024-02-26 02:15:29.000000 UTC,TWN,SUAO,4,112.88,0,71,205
false,416001833,,false,871448bb9-971e-0372-b9bb-9474b02e1b2d,CHINLONGFA,BJ4744,TWN,fishing,drifting_longlines,416001833-871448bb9-971e-0372-b9bb-9474b02e1b2d-018f5ad566b0,2024-05-09 00:51:26.000000 UTC,TWN,DONGGANG,4,39.96,2,33,57
false,416001965,,false,471c8b4ba-adda-cd14-bc71-221986a401df,JIN LONG YU NO.128,BJ4687,TWN,fishing,drifting_longlines,416001965-471c8b4ba-adda-cd14-bc71-221986a401df-018f7a4613a0,2024-05-15 03:22:44.000000 UTC,TWN,DONGGANG,4,33.83,0,16,41
true,416002096,,false,c0dbbd390-0d62-494e-499a-a5931ee0817f,DONG SHENG JYI NO 16,BJ3945,TWN,fishing,drifting_longlines,416002096-c0dbbd390-0d62-494e-499a-a5931ee0817f-018fe6434f50,2024-06-05 02:38:42.000000 UTC,TWN,DONGGANG,4,12.88,0,1,2
false,416002117,,false,5dbe25d5b-bb0b-8df0-b95e-033cf7fc8e59,SHENG YU,BJ4071,TWN,fishing,drifting_longlines,416002117-5dbe25d5b-bb0b-8df0-b95e-033cf7fc8e59-018f65406898,2024-05-11 01:24:31.000000 UTC,TWN,LIUQIU,4,37.92,0,26,57
true,416002147,,false,dfa3a5b77-7a61-1233-e4e0-33c3a4948f9f,JIN JAAN SHYANG NO.8,BJ4756,TWN,fishing,drifting_longlines,416002147-dfa3a5b77-7a61-1233-e4e0-33c3a4948f9f-018f89ad8328,2024-05-18 03:10:01.000000 UTC,TWN,DONGGANG,4,30.83,0,21,15
true,416002149,,false,d130bcd21-1f97-f5ec-0c87-d33854826fcd,JIN JAAN SHYANG NO68,BJ4498,TWN,fishing,drifting_longlines,416002149-d130bcd21-1f97-f5ec-0c87-d33854826fcd-018f93936308,2024-05-20 01:17:41.000000 UTC,TWN,LIUQIU,4,28.92,0,14,36
false,416002196,,false,47622ec28-819e-178b-18c8-7220ce86e108,MING JYH FWU NO12,BJ4770,TWN,fishing,drifting_longlines,416002196-47622ec28-819e-178b-18c8-7220ce86e108-018feb6daea8,2024-06-06 02:43:05.000000 UTC,TWN,DONGGANG,4,11.88,0,0,0
false,416002216,,false,d01cb93bb-be5f-f099-e72d-cf084c068035,CHERNG YIH MAAN,BJ4767,TWN,fishing,drifting_longlines,416002216-d01cb93bb-be5f-f099-e72d-cf084c068035-018f8413aca8,2024-05-17 01:03:53.000000 UTC,TWN,LIUQIU,4,31.92,0,16,40
true,416002231,,false,6a8655e6b-bec2-769c-2076-8361dc254bf2,JIN JAAN SHYANGNO168,BJ4773,TWN,fishing,drifting_longlines,416002231-6a8655e6b-bec2-769c-2076-8361dc254bf2-018f938be128,2024-05-20 01:09:29.000000 UTC,TWN,LIUQIU,4,28.92,0,13,42
false,416002291,,false,a03f1cb91-19d8-c564-8ae7-69521f8d59b7,JINN FWU TSAIR NO.66,BJ4785,TWN,fishing,drifting_longlines,416002291-a03f1cb91-19d8-c564-8ae7-69521f8d59b7-018f0dba20c8,2024-04-24 01:30:53.000000 UTC,TWN,DONGGANG,4,54.92,0,47,95
false,416002298,,false,0d586caac-ca93-1a84-c328-cb66a42ff990,JIN HAE FUN NO368,BJ4794,TWN,fishing,drifting_longlines,416002298-0d586caac-ca93-1a84-c328-cb66a42ff990-018fc721b490,2024-05-30 01:33:46.000000 UTC,TWN,DONGGANG,4,18.92,0,3,4
false,416002465,,false,3fedab1af-fe65-43b6-5245-6afdcbe3e41f,,BJ4809,TWN,fishing,drifting_longlines,416002465-3fedab1af-fe65-43b6-5245-6afdcbe3e41f-018611318358,2023-02-02 08:15:03.000000 UTC,TWN,DONGGANG,4,501.63,0,34,0
false,416002557,,false,bd6ebd84f-f2e2-61e5-d1d2-3e517bea5e51,YOU HER FA,BJ5208,TWN,fishing,drifting_longlines,416002557-bd6ebd84f-f2e2-61e5-d1d2-3e517bea5e51-018f749de540,2024-05-14 01:00:56.000000 UTC,TWN,DONGGANG,4,34.92,0,24,31
false,416002605,,false,f9d8387c5-5563-160f-058b-00a2b42bb6d8,YU CHUN NO166,BJ4837,TWN,fishing,drifting_longlines,416002605-f9d8387c5-5563-160f-058b-00a2b42bb6d8-018f8e4df5e8,2024-05-19 00:43:45.000000 UTC,TWN,LIUQIU,4,29.96,0,13,36
false,416002744,,false,14db5ffb4-4718-5855-bd16-e7d004db800a,CHIH CHI FENG NO.1,BJ4871,TWN,fishing,drifting_longlines,416002744-14db5ffb4-4718-5855-bd16-e7d004db800a-018fc7234300,2024-05-30 01:35:28.000000 UTC,TWN,DONGGANG,4,18.92,0,8,10
false,416002747,,false,7c3a9091b-bf9f-e0d0-077e-e38f1ee3c5c1,FWU TSAIR YIH NO.1,BJ4855,TWN,fishing,drifting_longlines,416002747-7c3a9091b-bf9f-e0d0-077e-e38f1ee3c5c1-018f03b90ff8,2024-04-22 02:53:31.000000 UTC,TWN,DONGGANG,4,56.88,2,45,93
false,416002904,,false,0cecb51fe-e0ed-5194-1345-226d0f184c17,JIN SING SHYANG NO7,BG3900,TWN,fishing,drifting_longlines,416002904-0cecb51fe-e0ed-5194-1345-226d0f184c17-018fc76bb5e0,2024-05-30 02:54:36.000000 UTC,TWN,DONGGANG,4,18.88,0,0,0
false,416002938,,false,8d2401eaa-ad1c-1017-2dfa-96bccbf80b1c,JIN MAN XIANG NO.36,,TWN,fishing,set_longlines,416002938-8d2401eaa-ad1c-1017-2dfa-96bccbf80b1c-018f17a3d520,2024-04-25 23:42:44.000000 UTC,TWN,DONGGANG,4,53.0,1,40,66
true,416002998,,false,28de34089-9664-0edd-c22a-5d4e53d4d9d8,LINE YU FA NO32,BJ4607,TWN,fishing,drifting_longlines,416002998-28de34089-9664-0edd-c22a-5d4e53d4d9d8-018fcc692938,2024-05-31 02:09:55.000000 UTC,TWN,DONGGANG,4,17.88,0,5,20
false,416003063,,false,04e0b95fc-c047-7973-d9b4-b3d6cc87d38b,JINFU-SHENG,BJ4036,TWN,fishing,drifting_longlines,416003063-04e0b95fc-c047-7973-d9b4-b3d6cc87d38b-018fc1fedb00,2024-05-29 01:37:36.000000 UTC,TWN,DONGGANG,4,19.92,0,10,30
false,416003315,,false,702b325e5-58d5-4b68-bce3-a55f3aa71d2e,SHUN YI SIN,BJ4995,TWN,fishing,drifting_longlines,416003315-702b325e5-58d5-4b68-bce3-a55f3aa71d2e-018eef2d9248,2024-04-18 03:08:45.000000 UTC,TWN,DONGGANG,4,60.83,2,55,97
false,416003735,,false,32f8c14a7-7871-3851-b0f6-f6b8dc87af6d,SHENG YU NO66,BJ4601,TWN,fishing,drifting_longlines,416003735-32f8c14a7-7871-3851-b0f6-f6b8dc87af6d-018fc77114e0,2024-05-30 03:00:28.000000 UTC,TWN,DONGGANG,4,18.83,0,0,1
false,416004048,,false,003685732-2def-9633-5591-319611870de1,JHAO FONG 11,BK7393,TWN,fishing,drifting_longlines,416004048-003685732-2def-9633-5591-319611870de1-018feb5ece10,2024-06-06 02:26:50.000000 UTC,TWN,DONGGANG,4,11.88,0,0,0
false,416004363,,false,86747ee66-6fb3-238d-5361-a2a6505cdb65,JIA CHENG NO.168,BJ5087,TWN,fishing,drifting_longlines,416004363-86747ee66-6fb3-238d-5361-a2a6505cdb65-018de8722ff0,2024-02-27 02:43:34.000000 UTC,TWN,SUAO,4,111.88,0,90,237
false,416007494,,false,51afbfee3-3410-da7e-d6c1-5173ddcbaba2,JIA CHENG NO.268,BG3808,TWN,fishing,drifting_longlines,416007494-51afbfee3-3410-da7e-d6c1-5173ddcbaba2-018de87763f8,2024-02-27 02:49:15.000000 UTC,TWN,SUAO,4,111.88,0,89,237
false,416217900,,false,d16d31708-8daf-817a-195c-f4bb7671ca66,CHANG YI NO.38,BJ4986,TWN,fishing,drifting_longlines,416217900-d16d31708-8daf-817a-195c-f4bb7671ca66-018fc1fb8f40,2024-05-29 01:34:00.000000 UTC,TWN,DONGGANG,4,19.92,0,2,7
false,416219600,,false,c63d4891b-b941-a75a-93ff-20bba14a6672,SHENG YI CAI NO166,BJ4642,TWN,fishing,drifting_longlines,416219600-c63d4891b-b941-a75a-93ff-20bba14a6672-018f9dc66cd0,2024-05-22 00:49:38.000000 UTC,TWN,DONGGANG,4,26.96,0,9,26
true,416225800,,false,f9852da5a-a594-fab0-764e-d472e495f314,MAN QING FONG NO33,BJ4419,TWN,fishing,drifting_longlines,416225800-f9852da5a-a594-fab0-764e-d472e495f314-018ffb078c58,2024-06-09 03:25:27.000000 UTC,TWN,DONGGANG,4,8.83,0,0,0
true,416227600,,false,3140e9468-8c50-c165-7f35-a99a3b2550af,YOU JI YI,BJ5003,TWN,fishing,drifting_longlines,416227600-3140e9468-8c50-c165-7f35-a99a3b2550af-018f3c14ef20,2024-05-03 01:32:36.000000 UTC,TWN,DONGGANG,4,45.92,2,27,78
false,416227800,,false,44f46638f-fb41-95ca-4eca-2acc0247013d,,BJ5004,TWN,fishing,drifting_longlines,416227800-44f46638f-fb41-95ca-4eca-2acc0247013d-018f08b8a630,2024-04-23 02:11:10.000000 UTC,TWN,DONGGANG,4,55.88,1,40,90
false,416229500,,false,d268e6049-91a0-128e-1fcd-e8ccf972cb62,HAI CHIEN HSING 16,BJ3546,TWN,fishing,drifting_longlines,416229500-d268e6049-91a0-128e-1fcd-e8ccf972cb62-018fc227bbd8,2024-05-29 02:22:15.000000 UTC,TWN,DONGGANG,4,19.88,0,2,2
false,416236800,8682074,false,5f6f5b9c2-2517-9f7a-2754-69b6cde7724f,XING HUA SHENG NO669,BI2609,TWN,fishing,squid_jigger,416236800-5f6f5b9c2-2517-9f7a-2754-69b6cde7724f-0190015ea028,2024-06-10 08:58:17.000000 UTC,KOR,BUSAN,4,7.63,0,0,0
false,416757000,,false,e051833a0-0baf-f31b-2814-5cc94e4175ce,SHIAN MAAN NO.12,BI2043,TWN,fishing,squid_jigger,416757000-e051833a0-0baf-f31b-2814-5cc94e4175ce-018ff0a17828,2024-06-07 02:57:45.000000 UTC,TWN,KAOHSIUNG,4,10.88,0,0,0
false,416758000,,false,c78f659c5-5660-200b-49a4-42143086477d,MAAN SHIAN NO.12,BI2143,TWN,fishing,squid_jigger,416758000-c78f659c5-5660-200b-49a4-42143086477d-018ff0b07418,2024-06-07 03:14:07.000000 UTC,TWN,KAOHSIUNG,4,10.83,0,0,0
false,431000159,,false,7760513fd-dd9f-4b57-cdb8-c2dccc5de509,DAISHI MARU NO.78,JD2354,JPN,carrier,carrier,431000159-7760513fd-dd9f-4b57-cdb8-c2dccc5de509-019022e6c338,2024-06-16 21:14:27.000000 UTC,JPN,KESENNUMA,3,1.08,0,0,0
false,431002015,,false,be347c8b6-666e-9c78-b504-4bc59c408f54,DAISHIMARU NO.16,,JPN,fishing,purse_seines,431002015-be347c8b6-666e-9c78-b504-4bc59c408f54-0190237c5c18,2024-06-16 23:57:51.000000 UTC,JPN,SHIOGAMA,3,1.0,0,0,0
false,431002191,9579999,false,f71e2c995-5f2e-0326-f5f9-4a70cab0dd6c,CHOKAIMARU,JD3143,JPN,fishing,drifting_longlines,431002191-f71e2c995-5f2e-0326-f5f9-4a70cab0dd6c-018fdbb3b250,2024-06-03 01:25:38.000000 UTC,JPN,HACHINOHE,4,14.92,0,18,33
false,431006099,,false,ee5c7e780-0350-8781-04b6-efdf1dddc43e,SAGAMYOJIN MARUNO.23,7JSU,JPN,fishing,pole_and_line,431006099-ee5c7e780-0350-8781-04b6-efdf1dddc43e-01901ac06da8,2024-06-15 07:15:37.000000 UTC,JPN,KESENNUMA,4,2.67,0,0,0
false,431008347,,false,25f603b26-6d1a-c039-c4a8-096ba0d17a92,DAISHIMARU NO.11,,JPN,carrier,carrier,431008347-25f603b26-6d1a-c039-c4a8-096ba0d17a92-0190237dd318,2024-06-16 23:59:27.000000 UTC,JPN,KESENNUMA,3,1.0,0,0,0
false,431046000,,false,8dbd95455-5c5a-831f-bb5b-8a960c0622c9,KOEIMARU,JH3463,JPN,fishing,pole_and_line,431046000-8dbd95455-5c5a-831f-bb5b-8a960c0622c9-0190237e3c90,2024-06-16 23:59:54.000000 UTC,JPN,KESENNUMA,3,1.0,0,0,0
false,431069000,,false,ea98f409f-fbda-ef33-da76-b99918278909,SAGAMYOJINMARU NO.88,7KCP,JPN,fishing,pole_and_line,431069000-ea98f409f-fbda-ef33-da76-b99918278909-019022f9b6c8,2024-06-16 21:35:09.000000 UTC,JPN,JPN-488,4,1.08,0,0,0
false,431171000,,false,a3275946c-cc38-5731-791a-2c52feb9b1b6,ASAHI MARU NO8,JDYL,JPN,fishing,pole_and_line,431171000-a3275946c-cc38-5731-791a-2c52feb9b1b6-018fc2dcac28,2024-05-29 05:39:53.000000 UTC,JPN,ONAGAWA,4,19.75,0,7,37
false,431200060,,false,b02699299-9eb9-f497-6a33-140021acbc7f,EISEIMARU NO.8,JEED,JPN,fishing,pole_and_line,431200060-b02699299-9eb9-f497-6a33-140021acbc7f-018fcdf12cb0,2024-05-31 09:18:06.000000 UTC,JPN,YAIZU,4,17.58,0,11,8
false,431200140,,false,c6d04361d-d47a-b930-db6c-54372e12cf3c,YASUICHIMARU,JH3405,JPN,fishing,pole_and_line,431200140-c6d04361d-d47a-b930-db6c-54372e12cf3c-01900eb75bc0,2024-06-12 23:10:16.000000 UTC,JPN,JPN-488,4,5.0,0,0,0
false,431200150,,false,52b0a84e2-21f9-f0d4-2ad9-29626ac66c55,FUKUTOKUMARU NO.88,JH3407,JPN,fishing,pole_and_line,431200150-52b0a84e2-21f9-f0d4-2ad9-29626ac66c55-01900f42c728,2024-06-13 01:42:33.000000 UTC,JPN,JPN-488,4,4.92,0,1,0
false,431200170,,false,b3c17864d-d928-4d6d-7394-6bd23c473a2b,SENSHOMARU NO.1,JH3414,JPN,fishing,pole_and_line,431200170-b3c17864d-d928-4d6d-7394-6bd23c473a2b-01900f8e4b30,2024-06-13 03:05:02.000000 UTC,JPN,JPN-488,4,4.83,0,1,0
false,431200184,,false,749ebc17a-a02f-7ab6-437a-83b2cc115c59,SAGAMYOJINMARU NO.83,JH3456,JPN,fishing,pole_and_line,431200184-749ebc17a-a02f-7ab6-437a-83b2cc115c59-01902317d9a0,2024-06-16 22:08:04.000000 UTC,JPN,KESENNUMA,4,1.04,0,0,0
false,431200254,,false,68b8f1ceb-b8cb-227e-1c17-9111331f6598,SANKO MARU,JH3458,JPN,fishing,pole_and_line,431200254-68b8f1ceb-b8cb-227e-1c17-9111331f6598-019013321e10,2024-06-13 20:02:50.000000 UTC,JPN,TATEYAMA,4,4.13,0,0,0
false,431200970,,false,c20939f70-01a7-5612-a572-d2060aa95d83,EISEI MARU NO.31,JJCP,JPN,fishing,pole_and_line,431200970-c20939f70-01a7-5612-a572-d2060aa95d83-018fd2a5fe48,2024-06-01 07:14:05.000000 UTC,JPN,ISHINOMAKI,4,16.67,0,13,3
false,431255000,9775189,false,857bc389a-a39c-4fe7-8af9-e569262d6a5d,NIKKOMARU NO111,7JUT,JPN,fishing,pole_and_line,431255000-857bc389a-a39c-4fe7-8af9-e569262d6a5d-018fcd42c828,2024-05-31 06:07:37.000000 UTC,JPN,ONAGAWA,4,17.71,0,4,38
false,431258000,,false,ed384f4d1-1976-8901-beca-f0d45d734bf7,SEIFUKUMARU NO.18,JH3481,JPN,fishing,pole_and_line,431258000-ed384f4d1-1976-8901-beca-f0d45d734bf7-01901a3ddfc8,2024-06-15 04:53:01.000000 UTC,JPN,KESENNUMA,4,2.79,0,0,0
false,431295000,,false,4d393e711-1c44-1d35-f637-8741894768a4,YOSHIMARU NO81,JM6657,JPN,fishing,pole_and_line,431295000-4d393e711-1c44-1d35-f637-8741894768a4-019023481548,2024-06-16 23:00:45.000000 UTC,JPN,JPN-488,4,1.0,0,0,0
false,431311000,,false,f6a563b15-5847-23f7-ab2f-c5f90db2bcfb,ATAGO MARU NO.21,JM6660,JPN,fishing,pole_and_line,431311000-f6a563b15-5847-23f7-ab2f-c5f90db2bcfb-019019320d48,2024-06-15 00:00:29.000000 UTC,JPN,KESENNUMA,4,2.96,0,0,0
false,431351000,,false,ce149921e-e601-5506-37d9-612c31de615e,SHINKAI MARU NO73,JM6656,JPN,fishing,pole_and_line,431351000-ce149921e-e601-5506-37d9-612c31de615e-01901e7d1018,2024-06-16 00:40:31.000000 UTC,JPN,OFUNATO,4,1.96,0,0,0
false,431410000,9810745,false,d194ecbab-bd7c-ea1c-6cb9-0d9875939595,TOKUEIMARU NO.17,7JXY,JPN,fishing,pole_and_line,431410000-d194ecbab-bd7c-ea1c-6cb9-0d9875939595-018ff582c090,2024-06-08 01:42:18.000000 UTC,JPN,ISHINOMAKI,4,9.92,0,1,17
false,431426000,,false,61595429f-f498-634b-a297-7a0332779449,CHOKYUMARU NO.23,JH3483,JPN,fishing,pole_and_line,431426000-61595429f-f498-634b-a297-7a0332779449-0190232648f0,2024-06-16 22:23:50.000000 UTC,JPN,KESENNUMA,3,1.04,0,0,0
false,431579000,,false,ade2fd018-8acc-7a73-5e08-47e28604ab4f,MEIHO MARU NO37,7KAV,JPN,fishing,pole_and_line,431579000-ade2fd018-8acc-7a73-5e08-47e28604ab4f-018fe4809c68,2024-06-04 18:26:25.000000 UTC,JPN,ISHINOMAKI,4,13.21,0,7,32
false,431600520,,false,77737fe13-3506-9b33-c64d-d729dfece0ac,KIYO MARU NO.8,JM6434,JPN,fishing,pole_and_line,431600520-77737fe13-3506-9b33-c64d-d729dfece0ac-01902351c1d8,2024-06-16 23:11:19.000000 UTC,JPN,KESENNUMA,4,1.0,0,0,0
false,431600930,,false,f98e1e07f-f970-c8c7-b483-dff9bea49a35,MIYO MARU NO.8,JM6653,JPN,fishing,pole_and_line,431600930-f98e1e07f-f970-c8c7-b483-dff9bea49a35-0190232c4c00,2024-06-16 22:30:24.000000 UTC,JPN,KESENNUMA,4,1.04,0,0,0
false,431600960,,false,823f43c27-7487-955e-a7f9-e6a9e1519388,KAITOKUMARU NO.23,JM6086,JPN,fishing,pole_and_line,431600960-823f43c27-7487-955e-a7f9-e6a9e1519388-019023760318,2024-06-16 23:50:55.000000 UTC,JPN,KESENNUMA,3,1.0,0,0,0
false,431601080,,false,5b6315df6-610d-bcee-d5e6-38d48769cd34,JINTOKU MARU NO.3,JM6654,JPN,fishing,pole_and_line,431601080-5b6315df6-610d-bcee-d5e6-38d48769cd34-01902339d8c0,2024-06-16 22:45:12.000000 UTC,JPN,KESENNUMA,3,1.04,0,0,0
false,431602570,,false,6a2183f64-4952-9275-bbef-60b2947bc023,FUKUTOKUMARU NO.78,JM6655,JPN,fishing,pole_and_line,431602570-6a2183f64-4952-9275-bbef-60b2947bc023-01901e1db5f0,2024-06-15 22:56:22.000000 UTC,JPN,KESENNUMA,4,2.04,0,0,0
false,431693000,9115274,false,a8fc89773-3e6b-5dc0-9378-66050c16138f,SHOEI MARU NO.18,JFFX,JPN,fishing,pole_and_line,431693000-a8fc89773-3e6b-5dc0-9378-66050c16138f-018f98e01770,2024-05-21 01:59:34.000000 UTC,JPN,ISHINOMAKI,4,27.92,0,12,43
false,431763000,,false,a990b9711-1b7b-c502-7a77-bd18f1494e7a,KOTOSHIROMARU NO.15,JM6659,JPN,fishing,pole_and_line,431763000-a990b9711-1b7b-c502-7a77-bd18f1494e7a-01902373c4e0,2024-06-16 23:48:28.000000 UTC,JPN,KESENNUMA,3,1.0,0,0,0
false,431769000,,false,5d2644d71-1f0a-de8c-1320-1d35c29cab5d,NIKKO MARU NO.1,JEIK,JPN,fishing,pole_and_line,431769000-5d2644d71-1f0a-de8c-1320-1d35c29cab5d-018f8e71a2b8,2024-05-19 01:22:43.000000 UTC,JPN,ISHINOMAKI,4,29.92,0,16,48
false,431782000,,false,f1135590d-d52f-092f-55a3-17e0e193326d,KESEN MARU,,JPN,fishing,drifting_longlines,431782000-f1135590d-d52f-092f-55a3-17e0e193326d-01901f194078,2024-06-16 03:31:07.000000 UTC,JPN,KESENNUMA,4,1.83,0,0,0
false,431783000,9273909,false,c784b054a-ae8c-dbab-cd29-f57336fa805b,ANDROMEDA LEADER,7KMB,JPN,fishing,inconclusive,431783000-c784b054a-ae8c-dbab-cd29-f57336fa805b-018ff68196d8,2024-06-08 06:20:39.000000 UTC,CAN,STEVESTON,4,9.71,0,0,0
false,431795000,9128697,false,65be4b21f-f600-8bda-ec6b-ef51f983799d,KIYO  MARU NO28,JDPA,JPN,fishing,pole_and_line,431795000-65be4b21f-f600-8bda-ec6b-ef51f983799d-018fcd43ed20,2024-05-31 06:08:52.000000 UTC,JPN,ISHINOMAKI,4,17.71,0,7,18
false,431903000,9156747,false,ae31ded75-5106-9472-8da7-4182697dd1c6,NO83INARIMARU,JHQK,JPN,fishing,pole_and_line,431903000-ae31ded75-5106-9472-8da7-4182697dd1c6-018e5ed15180,2024-03-21 02:22:40.000000 UTC,JPN,NAGASAKI,4,88.88,0,30,90
false,432138000,,false,ce525741b-b83c-3c9d-b2e1-67423ea04231,DAISHI MARU NO.8,JH3442,JPN,fishing,tuna_purse_seines,432138000-ce525741b-b83c-3c9d-b2e1-67423ea04231-0190237b5a48,2024-06-16 23:56:45.000000 UTC,JPN,SHIOGAMA,3,1.0,0,0,0
false,432256000,,false,f6c3fbbe0-006a-376c-1216-377cb28ff5c3,TATSUYOSHIMARU,JM6661,JPN,fishing,pole_and_line,432256000-f6c3fbbe0-006a-376c-1216-377cb28ff5c3-019023564618,2024-06-16 23:16:15.000000 UTC,JPN,KESENNUMA,4,1.0,0,0,0
false,432366000,,false,9b8ddf725-5a48-dd6b-4d36-1b17c9dda521,SEIRYUMARU NO.18,JM6732,JPN,fishing,pole_and_line,432366000-9b8ddf725-5a48-dd6b-4d36-1b17c9dda521-0190235f4ab0,2024-06-16 23:26:06.000000 UTC,JPN,KESENNUMA,4,1.0,0,0,0
false,432384000,,false,cbcc6eb36-6ade-64cf-bc19-5182e73011d1,GENKICHI MARU NO.27,JH3485,JPN,fishing,pole_and_line,432384000-cbcc6eb36-6ade-64cf-bc19-5182e73011d1-01900f1d8418,2024-06-13 01:01:51.000000 UTC,JPN,JPN-488,4,4.92,0,1,0
false,432425000,,false,0283ff807-71ef-c4dd-6ed2-43084ed354e2,SEIRYU MARU NO.5,JM6734,JPN,fishing,pole_and_line,432425000-0283ff807-71ef-c4dd-6ed2-43084ed354e2-019023190668,2024-06-16 22:09:21.000000 UTC,JPN,KESENNUMA,3,1.04,0,0,0
false,432441000,,false,d1ebf1cd8-8aec-3768-6979-63e0c2348bfc,MYOJINMARU  NO.151,JL6647,JPN,fishing,pole_and_line,432441000-d1ebf1cd8-8aec-3768-6979-63e0c2348bfc-01900f76bfd8,2024-06-13 02:39:19.000000 UTC,JPN,JPN-488,4,4.88,0,1,0
false,432507000,9326263,false,ae6658437-7ca3-30f3-f014-f554c1eb0b9b,INARIMARU NO.85,7JAN,JPN,fishing,pole_and_line,432507000-ae6658437-7ca3-30f3-f014-f554c1eb0b9b-01901b331538,2024-06-15 09:20:51.000000 UTC,JPN,ONAGAWA,4,2.58,0,0,0
false,432561000,,false,ea44acf90-067e-754f-c8f9-dedc7cffc89a,KOUEI_MARU_NO.31,JD2294,JPN,fishing,drifting_longlines,432561000-ea44acf90-067e-754f-c8f9-dedc7cffc89a-019023433730,2024-06-16 22:55:26.000000 UTC,JPN,KESENNUMA,3,1.04,0,0,0
false,432761000,,false,d8433aace-e861-3f6c-4169-0678258b15e7,SHINMEI MARU,JD3068,JPN,fishing,drifting_longlines,432761000-d8433aace-e861-3f6c-4169-0678258b15e7-018f89852338,2024-05-18 02:25:55.000000 UTC,JPN,KESENNUMA,4,30.88,0,16,42
false,432776000,,false,26dcd72f9-9e69-e0b2-798b-b55ebc46e17d,YUKIMARU NO17,,JPN,fishing,drifting_longlines,432776000-26dcd72f9-9e69-e0b2-798b-b55ebc46e17d-018fe11e9d18,2024-06-04 02:40:31.000000 UTC,JPN,KESENNUMA,4,13.88,0,7,5
false,432907000,,false,0ef84024d-da6b-a49e-301d-cee9a9fc8ea3,TAIKIMARU NO.81,7JOB,JPN,fishing,drifting_longlines,432907000-0ef84024d-da6b-a49e-301d-cee9a9fc8ea3-018fdc26e680,2024-06-03 03:31:28.000000 UTC,JPN,KESENNUMA,4,14.83,0,10,9
false,432927000,,false,7511e062b-bced-709f-fcb3-c0e9406eb2e3,KAIYOMARU NO51,7JNX,JPN,fishing,fishing,432927000-7511e062b-bced-709f-fcb3-c0e9406eb2e3-01902379d3a8,2024-06-16 23:55:05.000000 UTC,JPN,HACHINOHE,3,1.0,0,0,0
false,432989000,,false,e9d2f42ae-e54a-9e12-c47a-10992f403a5c,SEISHOMARU NO.1,7JRO,JPN,fishing,tuna_purse_seines,432989000-e9d2f42ae-e54a-9e12-c47a-10992f403a5c-0190237b3ef0,2024-06-16 23:56:38.000000 UTC,JPN,SHIOGAMA,3,1.0,0,0,0