DFO_VOI,ssvid,imo,vessel_id,shipname,callsign,vessel_flag_best,vessel_class_best,geartype_best,trip_id,trip_start,start_port_iso3,start_port_label,trip_start_confidence,trip_duration_days,num_encounters,num_loitering,num_fishing
FALSE,106000000,,719143324-4d0e-f986-f175-2710c6c0a9dc,,,VUT,fishing,inconclusive,106000000-719143324-4d0e-f986-f175-2710c6c0a9dc-018f834446e8,2024-05-16 21:17:21.000000 UTC,SEN,DAKAR,4,21.08,1,3,3
FALSE,259023000,9138513,54af12dc7-7ad2-43ca-75bc-5df4811a704c,DON PASQUALE,LATF8,NOR,fishing,set_longlines,259023000-54af12dc7-7ad2-43ca-75bc-5df4811a704c-019020822718,2024-06-16 10:05:19.000000 UTC,KOR,PYEONGTAEK,4,-9.42,0,0,0
FALSE,273214530,8907022,9bdff5a2d-d13a-c1a1-e8ac-1d7c71e42327,SERGEY BOCHKAREV,UBST3,RUS,fishing,trawlers,273214530-9bdff5a2d-d13a-c1a1-e8ac-1d7c71e42327-018d91645ff8,2024-02-10 05:01:31.000000 UTC,RUS,TILICHIKI,4,117.75,21,16,392
FALSE,273290040,9894935,01bfc495e-e2f9-c846-fd17-5a9c20f96554,LUNTOS,UBXV9,RUS,fishing,trawlers,273290040-01bfc495e-e2f9-c846-fd17-5a9c20f96554-018f3d7f6fe8,2024-05-03 08:08:33.000000 UTC,KOR,BUSAN,4,34.63,1,2,45
FALSE,273312240,9406207,d64995a27-74cb-ddaf-a45d-434f377db055,KAPITAN MALYAKIN,UEAQ,RUS,fishing,trawlers,273312240-d64995a27-74cb-ddaf-a45d-434f377db055-01900489eb90,2024-06-10 23:44:26.000000 UTC,RUS,OKTYABRSKIY,4,-3.96,0,0,16
FALSE,412080230,,b2a8195a9-966b-a479-3cf5-d36d23af13e7,,,CHN,fishing,fishing,412080230-b2a8195a9-966b-a479-3cf5-d36d23af13e7-018f03bae8a0,2024-04-22 02:55:32.000000 UTC,TWN,DONGGANG,4,45.88,2,49,100
TRUE,412200083,8724339,1392a1be1-1c19-7886-95dd-8db6119eca3a,HAI XING,BALE,CHN,fishing,trawlers,412200083-1392a1be1-1c19-7886-95dd-8db6119eca3a-018efb376780,2024-04-20 11:14:56.000000 UTC,KOR,BUSAN,4,47.5,4,8,121
FALSE,412209133,,7117759ef-f564-b2fd-245c-b15e2cae2133,JULONGJIAYA2,BZYS 3,CHN,fishing,fishing,412209133-7117759ef-f564-b2fd-245c-b15e2cae2133-018ee15c6a90,2024-04-15 10:45:14.000000 UTC,CHN,TAIZHOU,4,52.54,0,74,31
FALSE,412209135,,13b2ff18f-fa9a-2e1c-863e-470e0c73a469,JU LONG JIA YA 3,BZYS4,CHN,fishing,fishing,412209135-13b2ff18f-fa9a-2e1c-863e-470e0c73a469-018ec2b9b818,2024-04-09 11:58:55.000000 UTC,CHN,CHN-170,3,58.5,1,88,100
TRUE,412209136,,8c633eaa7-78bb-50d9-a82c-f4e53452de3e,XINHAI 1259,BZYS5,CHN,fishing,fishing,412209136-8c633eaa7-78bb-50d9-a82c-f4e53452de3e-018ed1a69c88,2024-04-12 09:32:21.000000 UTC,CHN,CHN-2289,4,55.58,3,91,99
FALSE,412209137,,3c5955e5f-f81a-2412-c8eb-cc77f718aa4c,JULONGJIAYA5,BZYS 6,CHN,fishing,fishing,412209137-3c5955e5f-f81a-2412-c8eb-cc77f718aa4c-018ef224e500,2024-04-18 16:58:08.000000 UTC,CHN,TAIZHOU,4,49.29,0,69,32
FALSE,412209138,,602daf37c-cae5-5b97-db44-95c03de6e41a,JU LONG JIA YA 6,BZYS 7,CHN,fishing,inconclusive,412209138-602daf37c-cae5-5b97-db44-95c03de6e41a-018ef0ae5e18,2024-04-18 10:09:03.000000 UTC,CHN,TAIZHOU,4,49.54,1,46,16
TRUE,412209139,,51d002bfc-c972-31f8-a9c4-08cdbe926447,XIN HAI 1209,BZYS8,CHN,fishing,fishing,412209139-51d002bfc-c972-31f8-a9c4-08cdbe926447-018ec25b7730,2024-04-09 10:15:58.000000 UTC,CHN,CHN-2289,4,58.54,1,50,41
TRUE,412209142,,ad5df6b76-6c75-f40d-0033-6c591aebb97d,XIN HAI 1219,BZYT2,CHN,fishing,fishing,412209142-ad5df6b76-6c75-f40d-0033-6c591aebb97d-018ec267c3a0,2024-04-09 10:29:24.000000 UTC,CHN,CHN-2289,4,58.54,0,38,17
FALSE,412209143,8540264,b7a7adcfe-e38c-3a68-2b0d-c711d20f237f,JU LONG JIA YA 10,BZYT3,CHN,fishing,fishing,412209143-b7a7adcfe-e38c-3a68-2b0d-c711d20f237f-018ed1dd15d8,2024-04-12 10:31:51.000000 UTC,CHN,CHN-170,4,55.54,2,96,109
FALSE,412270002,8607373,4822d6e0b-bccc-5a41-edf2-04c872e7111b,LONG TENG,BZZQ6,CHN,fishing,trawlers,412270002-4822d6e0b-bccc-5a41-edf2-04c872e7111b-018ef6f5ed40,2024-04-19 15:24:56.000000 UTC,KOR,BUSAN,4,48.33,2,9,116
FALSE,412327526,,e8f49e604-4aae-e917-e078-3cc8f006bfa8,LURONGYUYANG65874,,CHN,fishing,fishing,412327526-e8f49e604-4aae-e917-e078-3cc8f006bfa8-0190224b36e8,2024-06-16 18:24:33.000000 UTC,CHN,LONGYAN,4,-9.75,0,0,0
FALSE,412329062,,a14cb6579-9710-0ab7-c12f-99621f86147b,LUWEIJINGYU60385,,CHN,fishing,trawlers,412329062-a14cb6579-9710-0ab7-c12f-99621f86147b-019023787fd0,2024-06-16 23:53:38.000000 UTC,CHN,SHIDAO,3,-9.96,0,0,0
FALSE,412329634,8775613,753aac8d7-7b8c-e8c2-c675-64dc9ffef33f,LU PENG YUANYU017,BZSD2,CHN,fishing,squid_jigger,412329634-753aac8d7-7b8c-e8c2-c675-64dc9ffef33f-018fc2e606b0,2024-05-29 05:50:06.000000 UTC,KOR,BUSAN,4,8.75,0,8,5
FALSE,412329635,8775625,ece9b1311-1c1a-370d-d4b0-796bba71d36f,LU PENG YUAN YU 018,BZSD3,CHN,fishing,squid_jigger,412329635-ece9b1311-1c1a-370d-d4b0-796bba71d36f-018fcdd16010,2024-05-31 08:43:22.000000 UTC,KOR,BUSAN,4,6.63,0,7,2
FALSE,412329637,,9a45f1d38-897e-3316-6296-b842ef1b7e10,LURONGYUANYU     899,BBIR2,CHN,fishing,squid_jigger,412329637-9a45f1d38-897e-3316-6296-b842ef1b7e10-018fa4385f88,2024-05-23 06:51:49.000000 UTC,KOR,BUSAN,4,14.71,0,9,6
FALSE,412329638,8775326,eca1af533-31bd-12c3-45ef-a4412b3d7f7a,LU RONG YUAN YU 998,BBIR1,CHN,fishing,squid_jigger,412329638-eca1af533-31bd-12c3-45ef-a4412b3d7f7a-018fae4007d8,2024-05-25 05:36:23.000000 UTC,KOR,BUSAN,4,12.75,6,15,11
FALSE,412329639,,629c894cc-ca6d-6a1f-aa1f-756f7cfa281e,LURONGYUANYUYUN158,BBZS3,CHN,carrier,carrier,412329639-629c894cc-ca6d-6a1f-aa1f-756f7cfa281e-018f81161860,2024-05-16 11:07:40.000000 UTC,CHN,SHIDAO,4,21.5,3,22,0
FALSE,412329654,8775649,2fbb7e410-03b8-64e3-898c-5e05c66bf6df,LU PENG YUAN YU 027,BZSD5,CHN,fishing,squid_jigger,412329654-2fbb7e410-03b8-64e3-898c-5e05c66bf6df-018fbe6a36d8,2024-05-28 08:56:23.000000 UTC,KOR,BUSAN,4,9.63,0,0,0
TRUE,412329655,9717448,a6a881d9a-a54f-f9f9-7761-f70f2b53cc70,LU HUANG YUAN YU 105,BZTE2,CHN,fishing,squid_jigger,412329655-a6a881d9a-a54f-f9f9-7761-f70f2b53cc70-018fae781b50,2024-05-25 06:37:38.000000 UTC,KOR,BUSAN,4,12.71,0,8,7
TRUE,412329656,9717450,3672d7168-814d-eeab-770e-143fcd530cdc,LU HUANG YUAN YU 106,BZTE3,CHN,fishing,squid_jigger,412329656-3672d7168-814d-eeab-770e-143fcd530cdc-018fadf25150,2024-05-25 04:11:30.000000 UTC,KOR,BUSAN,4,12.79,0,12,10
TRUE,412329657,9717462,e3ea72a40-0055-598c-9bca-503726a7670b,LU HUANG YUAN YU 107,BZTE4,CHN,fishing,squid_jigger,412329657-e3ea72a40-0055-598c-9bca-503726a7670b-018fb449cab0,2024-05-26 09:44:46.000000 UTC,CHN,CHN-170,4,11.58,0,11,6
TRUE,412329658,9717474,ba5fd1665-5eae-a68e-1871-b38eb0011001,LU HUANG YUAN YU 108,BZTE5,CHN,fishing,squid_jigger,412329658-ba5fd1665-5eae-a68e-1871-b38eb0011001-018fb867de70,2024-05-27 04:56:06.000000 UTC,KOR,BUSAN,4,10.79,0,14,7
FALSE,412330149,,160acc07e-e171-8573-79dc-d289cceee5e8,LURONGYUANYUYUN789,BCLN9,CHN,carrier,carrier,412330149-160acc07e-e171-8573-79dc-d289cceee5e8-018fbfa0e600,2024-05-28 14:35:44.000000 UTC,KOR,BUSAN,4,9.38,0,11,5
FALSE,412330931,8775728,bd0d3bcd3-3c03-e966-95b6-0962e0e321a5,LUPENGYUANYU097,BZZY9,CHN,fishing,squid_jigger,412330931-bd0d3bcd3-3c03-e966-95b6-0962e0e321a5-018fa3c788d0,2024-05-23 04:48:34.000000 UTC,CHN,PENGLAI,4,14.79,0,11,10
FALSE,412331041,8775663,952ed626b-b39e-6e5a-a25a-20ad7eba7fcc,LU PENG YUAN YU 029,BZSD7,CHN,fishing,squid_jigger,412331041-952ed626b-b39e-6e5a-a25a-20ad7eba7fcc-018fa3e03150,2024-05-23 05:15:30.000000 UTC,CHN,PENGLAI,4,14.75,0,10,4
FALSE,412331049,8786478,ff22ec196-6fd1-824c-d27d-93c91953074d,LURONGYUANYUYUN 001,BZSU,CHN,carrier,carrier,412331049-ff22ec196-6fd1-824c-d27d-93c91953074d-018f225482f8,2024-04-28 01:31:55.000000 UTC,CHN,CHN-2351,4,39.92,8,45,0
TRUE,412331054,9752929,5263f8b26-6e43-e917-d9c1-94247cc19180,LU HUANG YUAN YU 115,BZTE6,CHN,fishing,squid_jigger,412331054-5263f8b26-6e43-e917-d9c1-94247cc19180-018fc1e1b228,2024-05-29 01:05:45.000000 UTC,KOR,BUSAN,4,8.92,0,10,9
FALSE,412331059,8775675,b1084cfa0-0c69-b422-7d66-11329f34ebdc,LU PENG YUAN YU 078,BZSD9,CHN,fishing,squid_jigger,412331059-b1084cfa0-0c69-b422-7d66-11329f34ebdc-018fb2b17770,2024-05-26 02:18:46.000000 UTC,KOR,BUSAN,4,11.88,0,11,8
TRUE,412331087,8685478,6f6ef7057-7593-c762-8e08-696123260172,LU HUANG YUAN YU 117,BZTE8,CHN,fishing,squid_jigger,412331087-6f6ef7057-7593-c762-8e08-696123260172-018fbd7fb798,2024-05-28 04:40:15.000000 UTC,KOR,BUSAN,4,9.79,0,4,4
TRUE,412331088,,9a268842c-cdc1-f3cc-9400-557eb622550f,LU HUANG YUAN YU 118,BZTE9,CHN,fishing,squid_jigger,412331088-9a268842c-cdc1-f3cc-9400-557eb622550f-018fd7120710,2024-06-02 03:50:34.000000 UTC,KOR,BUSAN,4,4.83,0,5,7
FALSE,412331146,8775699,f11a9dc95-5524-2e40-4adf-3c439c615334,YONG FA 9,BZSG2,CHN,fishing,squid_jigger,412331146-f11a9dc95-5524-2e40-4adf-3c439c615334-018fc1f91e40,2024-05-29 01:31:20.000000 UTC,KOR,BUSAN,4,8.92,0,10,6
FALSE,412331147,8775704,b2e362d48-8938-612a-d0ca-e2671f5434c8,SHUNHANG        1--,BZSG3,CHN,fishing,squid_jigger,412331147-b2e362d48-8938-612a-d0ca-e2671f5434c8-018fccfa5160,2024-05-31 04:48:28.000000 UTC,KOR,BUSAN,4,6.79,0,0,0
FALSE,412331148,8775716,e01f31c42-2db2-8259-5729-d87c0ac0fa70,LU PENG YUAN YU 089,BZSG4,CHN,fishing,squid_jigger,412331148-e01f31c42-2db2-8259-5729-d87c0ac0fa70-018fb3c521c0,2024-05-26 07:19:52.000000 UTC,KOR,BUSAN,4,11.67,0,12,7
FALSE,412331167,,c3aef5bcf-ff1b-4305-a14a-1ad2fe47ab78,LURONGYUANYUYUN998,BCFD5,CHN,carrier,carrier,412331167-c3aef5bcf-ff1b-4305-a14a-1ad2fe47ab78-018f9984b028,2024-05-21 04:59:21.000000 UTC,CHN,TAIZHOU,4,16.79,4,27,0
FALSE,412331486,8786466,99df0aba7-72a2-2ac9-c54b-99be9f6b782d,LURONGYUANYUYUN009,BCFI9,CHN,carrier,carrier,412331486-99df0aba7-72a2-2ac9-c54b-99be9f6b782d-018f71767df0,2024-05-13 10:19:02.000000 UTC,CHN,SHIDAO,4,24.54,6,33,37
FALSE,412336831,9882803,a8cea29a9-9708-52ed-a978-9552ac4bc2ba,LURONGYUANYUYUN008,BZYM4,CHN,carrier,carrier,412336831-a8cea29a9-9708-52ed-a978-9552ac4bc2ba-018fc865ae10,2024-05-30 07:27:38.000000 UTC,KOR,BUSAN,4,7.67,0,11,12
FALSE,412337006,,79f61c9a1-110e-90b3-3dd0-cd2247afb5e2,LURONGYU58887,,CHN,fishing,trawlers,412337006-79f61c9a1-110e-90b3-3dd0-cd2247afb5e2-0190237e01f8,2024-06-16 23:59:39.000000 UTC,CHN,SHIDAO,3,-9.96,0,0,0
FALSE,412347599,,d2a8d68fa-a9cf-0e86-5ded-fd4a1e97f702,LULAOYUYUN60887,60887,CHN,fishing,fishing,412347599-d2a8d68fa-a9cf-0e86-5ded-fd4a1e97f702-018fe1980ef0,2024-06-04 04:53:10.000000 UTC,CHN,QINGDAO,4,2.79,8,29,26
FALSE,412349316,,cd06f3c1c-c18f-ff95-104c-3588d88d6de2,LUJIAOYU60025,,CHN,fishing,trawlers,412349316-cd06f3c1c-c18f-ff95-104c-3588d88d6de2-019020510cc8,2024-06-16 09:11:41.000000 UTC,CHN,CHN-2,3,-9.38,0,0,0
FALSE,412349803,,dd2fabd06-6530-0024-d2ef-89293e4ae2dd,LUJIAOYU60129,60129,CHN,fishing,fishing,412349803-dd2fabd06-6530-0024-d2ef-89293e4ae2dd-018fba1f1008,2024-05-27 12:55:49.000000 UTC,CHN,QINGDAO,4,10.46,12,44,47
FALSE,412401580,,df173da56-670d-d2c3-f17a-8bc8053b1947,MING DA,,CHN,fishing,squid_jigger,412401580-df173da56-670d-d2c3-f17a-8bc8053b1947-018fa99177d0,2024-05-24 07:47:14.000000 UTC,CHN,CHN-170,4,13.67,0,6,1
FALSE,412420659,,6c1133000-0e1e-db0b-0001-2e0098739f24,SHUN HANG 6,BZV5M,CHN,fishing,squid_jigger,412420659-6c1133000-0e1e-db0b-0001-2e0098739f24-018fd21dfde0,2024-06-01 04:45:32.000000 UTC,KOR,BUSAN,4,5.79,0,3,3
FALSE,412420807,,902691f7f-f94c-d8da-faf5-ca4e98a81d3c,PUYUAN868,BZ9V0,CHN,fishing,squid_jigger,412420807-902691f7f-f94c-d8da-faf5-ca4e98a81d3c-018faf083dc0,2024-05-25 09:15:04.000000 UTC,CHN,CHN-2289,4,12.58,0,6,5
TRUE,412420829,,b7baecf62-25e9-83ce-e29c-66c986af7ab2,MING FA,BKUI,CHN,carrier,carrier,412420829-b7baecf62-25e9-83ce-e29c-66c986af7ab2-018fbd05a598,2024-05-28 02:26:55.000000 UTC,CHN,CHN-2289,4,9.88,3,4,0
FALSE,412420909,,c506f3266-6977-9afa-3939-72f29bb69aa3,SHUNHANG8,BZV6M,CHN,fishing,squid_jigger,412420909-c506f3266-6977-9afa-3939-72f29bb69aa3-018fb8863be0,2024-05-27 05:29:16.000000 UTC,KOR,BUSAN,4,10.75,0,0,0
TRUE,412420954,,5931fb453-3ee1-27fb-1e13-969a65f91c6e,XINHAI1201,BZV2S,CHN,fishing,fishing,412420954-5931fb453-3ee1-27fb-1e13-969a65f91c6e-018ec25cbb68,2024-04-09 10:17:21.000000 UTC,CHN,CHN-170,4,58.54,0,81,69
TRUE,412420956,,8a729bdb4-4720-774d-0b3d-215d2094cee9,XINHAI1202,BZV3S,CHN,fishing,fishing,412420956-8a729bdb4-4720-774d-0b3d-215d2094cee9-018ed05a4a50,2024-04-12 03:29:22.000000 UTC,KOR,BUSAN,4,55.83,0,35,5
TRUE,412421008,,baa8c4c19-9961-d924-0860-1131b7e3e9d6,XIN HAI 1206,BZV4Z,CHN,fishing,fishing,412421008-baa8c4c19-9961-d924-0860-1131b7e3e9d6-018ed0a1c330,2024-04-12 04:47:26.000000 UTC,KOR,BUSAN,4,55.79,4,93,95
TRUE,412421009,,b40f5a27b-bd55-0f96-3b67-692247bb32b1,XINHAI1205,BZV3Z,CHN,fishing,fishing,412421009-b40f5a27b-bd55-0f96-3b67-692247bb32b1-018ed0501cd8,2024-04-12 03:18:15.000000 UTC,KOR,BUSAN,4,55.83,3,103,117
TRUE,412421011,,2e45ce64f-f565-8a0e-ee1e-0b059565e65c,XIN HAI 1208,BZV6Z,CHN,fishing,fishing,412421011-2e45ce64f-f565-8a0e-ee1e-0b059565e65c-018ec23adf70,2024-04-09 09:40:22.000000 UTC,CHN,CHN-170,4,58.58,4,100,100
TRUE,412421012,,73304b604-4727-e368-9cc6-ecbb16ec4c7a,XINHAI1207,BZV5Z,CHN,fishing,fishing,412421012-73304b604-4727-e368-9cc6-ecbb16ec4c7a-018ec2a6b100,2024-04-09 11:38:08.000000 UTC,CHN,ZHOUSHAN,4,58.5,0,72,43
FALSE,412421022,,c8575b287-7965-6056-57cc-56dbc8a66ce2,DONGYU1528,BZW9B,CHN,fishing,squid_jigger,412421022-c8575b287-7965-6056-57cc-56dbc8a66ce2-018fdc4937a8,2024-06-03 04:08:57.000000 UTC,KOR,BUSAN,4,3.79,0,7,3
TRUE,412421035,,920c1cd06-62cd-c834-4881-582b57f04169,XIN HAI 1225,BZW8E,CHN,fishing,fishing,412421035-920c1cd06-62cd-c834-4881-582b57f04169-018ed1c557b8,2024-04-12 10:05:55.000000 UTC,CHN,CHN-170,3,55.54,0,80,56
TRUE,412421036,8786820,7cb833166-68f5-c72c-a2cd-99075ef1e790,XIN HAI 1227,BZW9E,CHN,fishing,fishing,412421036-7cb833166-68f5-c72c-a2cd-99075ef1e790-018ec250e810,2024-04-09 10:04:26.000000 UTC,CHN,CHN-170,4,58.54,4,100,104
TRUE,412421075,,84c14dc2c-c409-cbca-d694-f55fab531b97,XIN HAI 1273,BZW5L,CHN,fishing,fishing,412421075-84c14dc2c-c409-cbca-d694-f55fab531b97-018ed0f10440,2024-04-12 06:14:00.000000 UTC,KOR,BUSAN,4,55.71,2,92,86
TRUE,412421076,8788062,26ed9cf93-3621-89ad-42a0-0506f802b1d9,XIN HAI 1235,BZW4L,CHN,fishing,fishing,412421076-26ed9cf93-3621-89ad-42a0-0506f802b1d9-018ed1d019a0,2024-04-12 10:17:40.000000 UTC,CHN,CHN-170,4,55.54,2,109,116
FALSE,412421078,9829435,b15f599df-fc44-6897-6473-9c173f8d5f6f,ZHONG JU LENG1,BZW6L,CHN,carrier,carrier,412421078-b15f599df-fc44-6897-6473-9c173f8d5f6f-019023752c40,2024-06-16 23:50:00.000000 UTC,CHN,FUZHOU,3,-9.96,0,0,0
FALSE,412422734,,77a132fa6-6d1a-7898-1237-704177941723,JINHAI825,BZV3U,CHN,fishing,squid_jigger,412422734-77a132fa6-6d1a-7898-1237-704177941723-018fc8da2678,2024-05-30 09:34:51.000000 UTC,KOR,BUSAN,4,7.58,0,7,3
FALSE,412439598,8782989,f9d099880-0201-6607-8047-3a1e30cbcf53,OU YA 28,BZ7VZ,CHN,fishing,squid_jigger,412439598-f9d099880-0201-6607-8047-3a1e30cbcf53-018fb8faa4a8,2024-05-27 07:36:25.000000 UTC,KOR,BUSAN,4,10.67,1,4,3
FALSE,412439599,,82fa17e45-57e3-9051-e057-933917884e64,OUYATWENTYSEVEN,BZ6VZ,CHN,fishing,squid_jigger,412439599-82fa17e45-57e3-9051-e057-933917884e64-018fbc7befb0,2024-05-27 23:56:30.000000 UTC,KOR,BUSAN,4,10,1,14,7
FALSE,412439601,8782965,880aebb40-08ff-5175-6a20-66eb8ab41110,OUYA19,BZ5VZ,CHN,fishing,squid_jigger,412439601-880aebb40-08ff-5175-6a20-66eb8ab41110-018c9aa2f0f8,2023-12-24 07:03:39.000000 UTC,KOR,BUSAN,4,165.67,3,123,106
FALSE,412439602,,53df54126-6deb-afff-7f74-962319765955,OUYA1,BZ4VZ,CHN,fishing,squid_jigger,412439602-53df54126-6deb-afff-7f74-962319765955-018c8aeb0fb0,2023-12-21 05:48:30.000000 UTC,KOR,BUSAN,4,168.75,1,110,96
FALSE,412439604,8996176,e7d8bfe49-9c1f-f0dd-6928-51ab11257595,FENG XIANG 818,BZU8K,CHN,fishing,tuna_purse_seines,412439604-e7d8bfe49-9c1f-f0dd-6928-51ab11257595-019020389ee0,2024-06-16 08:45:00.000000 UTC,CHN,NINGBO,4,-9.33,0,0,0
FALSE,412439617,9789221,6c1bac091-1093-4e9c-79be-10ae8114690a,YONG FA NO.5,BZV5Y,CHN,fishing,fishing,412439617-6c1bac091-1093-4e9c-79be-10ae8114690a-018fb3f63ff8,2024-05-26 08:13:31.000000 UTC,KOR,BUSAN,4,11.63,0,10,21
FALSE,412439761,9807449,abb3fd18f-fdec-2b95-afbc-f554eb3ac664,YONG FA 6,BZW3B,CHN,fishing,squid_jigger,412439761-abb3fd18f-fdec-2b95-afbc-f554eb3ac664-018fb3f09aa8,2024-05-26 08:07:21.000000 UTC,KOR,BUSAN,4,11.63,0,14,8
FALSE,412440241,,08fafdf59-9c44-d992-a56b-78856f72f38f,FUYUANYU658,BVKQ8,CHN,fishing,fishing,412440241-08fafdf59-9c44-d992-a56b-78856f72f38f-018e7e19b9d8,2024-03-27 04:09:59.000000 UTC,KOR,BUSAN,4,71.79,4,141,148
FALSE,412440242,,5fdb48d70-098e-1453-a586-e71d0e355ab4,FUYUANYU659,BVKR8,CHN,fishing,fishing,412440242-5fdb48d70-098e-1453-a586-e71d0e355ab4-018e7fdcab40,2024-03-27 12:22:32.000000 UTC,KOR,BUSAN,4,71.46,2,122,120
FALSE,412440243,,475351415-52b9-41e4-6ef5-2c086ba727b9,FU YUAN YU601,BZU9E,CHN,fishing,fishing,412440243-475351415-52b9-41e4-6ef5-2c086ba727b9-018ef98f35c0,2024-04-20 03:31:36.000000 UTC,KOR,BUSAN,4,47.83,0,97,87
FALSE,412440244,,66bf0e2c2-2e2a-9739-c14b-bcae5af3be4e,FUYUANYU602,BZU1F,CHN,fishing,fishing,412440244-66bf0e2c2-2e2a-9739-c14b-bcae5af3be4e-018f0f2787c0,2024-04-24 08:10:00.000000 UTC,KOR,BUSAN,4,43.63,0,91,85
FALSE,412440245,,2be81bbb9-9450-371f-3b17-99a4b3e55b2f,FU YUAN YU 603,BZU2F,CHN,fishing,fishing,412440245-2be81bbb9-9450-371f-3b17-99a4b3e55b2f-0190222a7c00,2024-06-16 17:48:48.000000 UTC,KOR,BUSAN,3,-9.71,0,0,0
FALSE,412440246,,be8fb25b1-18ce-42a4-e6e3-3677b99109ce,FU YUAN YU 605,BZU3F,CHN,fishing,fishing,412440246-be8fb25b1-18ce-42a4-e6e3-3677b99109ce-018ef03234f0,2024-04-18 07:53:26.000000 UTC,KOR,BUSAN,4,49.67,0,53,12
FALSE,412440247,,6c0bc52ba-a0b7-097e-3404-ae8c4d5c6e65,FUYUANYU606,BZU4F,CHN,fishing,fishing,412440247-6c0bc52ba-a0b7-097e-3404-ae8c4d5c6e65-018efa4cffb0,2024-04-20 06:58:54.000000 UTC,KOR,BUSAN,4,47.71,0,87,67
FALSE,412440248,,9cc54831d-df4e-ed0f-1e6c-2d8780fd8d8d,FU YUAN YU 607,BZU5F,CHN,fishing,fishing,412440248-9cc54831d-df4e-ed0f-1e6c-2d8780fd8d8d-018f10c95c98,2024-04-24 15:46:23.000000 UTC,KOR,BUSAN,4,43.33,0,78,79
FALSE,412440249,,bcc78e717-7a8a-6ef6-7fc0-60bfeb354117,FU YUAN YU 608,BZU6F,CHN,fishing,fishing,412440249-bcc78e717-7a8a-6ef6-7fc0-60bfeb354117-018eef9d9de0,2024-04-18 05:11:08.000000 UTC,KOR,BUSAN,4,49.75,0,76,36
FALSE,412440251,,25e7e8e70-0863-6af1-8498-664429b65a01,FU YUAN YU609,BZU7F,CHN,fishing,fishing,412440251-25e7e8e70-0863-6af1-8498-664429b65a01-018f100adb10,2024-04-24 12:18:18.000000 UTC,KOR,BUSAN,4,43.46,0,73,56
FALSE,412440252,,38a823021-1c59-894f-6eda-98423873b493,FUYUANYULENG15,BZU3K,CHN,carrier,carrier,412440252-38a823021-1c59-894f-6eda-98423873b493-018f70941cd0,2024-05-13 06:11:46.000000 UTC,KOR,BUSAN,4,24.71,0,23,30
FALSE,412440254,,1d85a4d52-279f-e1a7-0624-335247affe76,FUYUANYULENG19,BZU5K,CHN,carrier,carrier,412440254-1d85a4d52-279f-e1a7-0624-335247affe76-019020bdd470,2024-06-16 11:10:30.000000 UTC,CHN,TAIZHOU,3,-9.46,0,0,0
FALSE,412440365,,8be866c06-6e6e-0ba1-bbcd-ceec5ad3dfcd,FUYUANYU678,,CHN,fishing,fishing,412440365-8be866c06-6e6e-0ba1-bbcd-ceec5ad3dfcd-018fed4a8cc8,2024-06-06 11:23:57.000000 UTC,CHN,QUANZHOU,4,0.5,0,10,0
FALSE,412440366,8548577,545cc2d7a-a5ca-3ab1-5478-233a979a7231,FUYUANYU677,BVKZ5,CHN,fishing,fishing,412440366-545cc2d7a-a5ca-3ab1-5478-233a979a7231-018aa32effe8,2023-09-17 12:48:01.000000 UTC,MYS,TANJUNG PELEPAS,4,263.46,2,57,64
FALSE,412440367,,eef922449-9ff7-e334-b6aa-e41d3a0cd406,FUYUANYU676,BVKY5,CHN,fishing,fishing,412440367-eef922449-9ff7-e334-b6aa-e41d3a0cd406-018823a08370,2023-05-16 08:15:02.000000 UTC,CHN,CHN-2051,4,387.63,0,8,8
FALSE,412440369,8548541,bf89e7457-768d-6bb7-bb44-32c8313725cd,FU YUAN YU 673,BVKW5,CHN,fishing,fishing,412440369-bf89e7457-768d-6bb7-bb44-32c8313725cd-018fb91773a8,2024-05-27 08:07:53.000000 UTC,CHN,QUANZHOU,3,10.63,0,17,20
FALSE,412440423,,dfbca3368-8926-3a4d-a28c-77d49a7c00f8,FUYUANYU079,BZU7V,CHN,fishing,fishing,412440423-dfbca3368-8926-3a4d-a28c-77d49a7c00f8-018e31627580,2024-03-12 06:38:40.000000 UTC,CHN,QUANZHOU,4,86.71,1,67,47
FALSE,412440424,,92046dd2e-e1ea-0a9b-ccc5-12de25972fc2,FUYUANYU083,BZU8V,CHN,fishing,inconclusive,412440424-92046dd2e-e1ea-0a9b-ccc5-12de25972fc2-018f148602f0,2024-04-25 09:11:18.000000 UTC,KOR,BUSAN,4,42.58,0,3,1
FALSE,412440477,,b01e010be-ed85-a414-3147-592544988e3d,FU YUAN YU 080,BZUN6,CHN,fishing,fishing,412440477-b01e010be-ed85-a414-3147-592544988e3d-018f2e182f40,2024-04-30 08:21:28.000000 UTC,KOR,BUSAN,4,37.63,2,69,50
FALSE,412440478,,087d7a1c4-484c-8bbd-b3d3-8e3262a76ead,FUYUANYU081,BZUN7,CHN,fishing,fishing,412440478-087d7a1c4-484c-8bbd-b3d3-8e3262a76ead-018f13893430,2024-04-25 04:35:10.000000 UTC,KOR,BUSAN,4,42.79,1,39,18
FALSE,412440479,,ca2fc47ff-f386-c7f3-68ca-b2a26fc33e6e,FU YUAN YU 082,BZUN8,CHN,fishing,fishing,412440479-ca2fc47ff-f386-c7f3-68ca-b2a26fc33e6e-018e8395bf88,2024-03-28 05:43:33.000000 UTC,CHN,QUANZHOU,4,70.75,0,66,37
FALSE,412440481,,3a4f3f19a-ac08-9f7d-b36a-9a87f909d311,FUYUANYU085,BZUN9,CHN,fishing,fishing,412440481-3a4f3f19a-ac08-9f7d-b36a-9a87f909d311-018f158e1098,2024-04-25 13:59:43.000000 UTC,KOR,BUSAN,4,42.42,1,76,65
FALSE,412440482,,47f692d02-20bb-3607-4104-99f666388b5c,FUYUANYU660,BVGL8,CHN,fishing,fishing,412440482-47f692d02-20bb-3607-4104-99f666388b5c-018e8108c378,2024-03-27 17:50:19.000000 UTC,KOR,BUSAN,4,71.25,3,122,104
FALSE,412440483,,2af949e0c-c0f3-69f4-7774-39aba8f94788,FUYUANYU661,BVJI8,CHN,fishing,fishing,412440483-2af949e0c-c0f3-69f4-7774-39aba8f94788-018e7e87d940,2024-03-27 06:10:16.000000 UTC,KOR,BUSAN,4,71.71,2,132,102
FALSE,412440484,,0a51c1af7-7fcf-a948-6f31-95cc874c1bde,FUYUANYU662,BVJJ8,CHN,fishing,fishing,412440484-0a51c1af7-7fcf-a948-6f31-95cc874c1bde-018e81dc2c90,2024-03-27 21:41:14.000000 UTC,KOR,BUSAN,4,71.08,3,151,154
FALSE,412440486,,df47505c6-6e70-37da-1a42-1b8fa8844fb2,FUYUANYU664,BVJL8,CHN,fishing,fishing,412440486-df47505c6-6e70-37da-1a42-1b8fa8844fb2-018e7f80df40,2024-03-27 10:42:16.000000 UTC,KOR,BUSAN,4,71.54,2,119,111
FALSE,412440513,,36e3118a7-71aa-750a-1d32-14a38917f148,FU YUAN YU 199,8776801,CHN,fishing,squid_jigger,412440513-36e3118a7-71aa-750a-1d32-14a38917f148-018fbd64b588,2024-05-28 04:10:45.000000 UTC,KOR,BUSAN,4,9.79,0,6,1
FALSE,412440654,9861108,526fbae3f-ffd1-0973-1c4c-7b1ee38703b8,FUYUANYU196,BZU7S,CHN,fishing,squid_jigger,412440654-526fbae3f-ffd1-0973-1c4c-7b1ee38703b8-018fbd684798,2024-05-28 04:14:39.000000 UTC,KOR,BUSAN,4,9.79,0,10,7
FALSE,412440655,9861108,e376be2c0-0e31-bcc9-7e1f-201380e9c8a5,FU YUAN YU 197,BZU7S,CHN,fishing,squid_jigger,412440655-e376be2c0-0e31-bcc9-7e1f-201380e9c8a5-018fc170f6c8,2024-05-28 23:02:37.000000 UTC,KOR,BUSAN,4,9,0,7,6
FALSE,412440679,,cd57af2e6-6f5e-455b-3da5-dd6810ace7d1,FU YUAN YU 8672,BZUY2,CHN,fishing,fishing,412440679-cd57af2e6-6f5e-455b-3da5-dd6810ace7d1-018f49cbb8d8,2024-05-05 17:27:19.000000 UTC,CHN,TAIZHOU,4,32.25,1,50,31
FALSE,412440681,,4d3b860b5-51f1-ef48-f164-34f3e5fbde98,FUYUANYU8673,BZUY3,CHN,fishing,fishing,412440681-4d3b860b5-51f1-ef48-f164-34f3e5fbde98-018ef0b5fb50,2024-04-18 10:17:22.000000 UTC,CHN,TAIZHOU,4,49.54,1,87,62
FALSE,412440682,,18e4b68e7-797b-6278-fdc0-8a841478761e,FU YUAN YU 8674,BZUY4,CHN,fishing,fishing,412440682-18e4b68e7-797b-6278-fdc0-8a841478761e-018ee159da50,2024-04-15 10:42:26.000000 UTC,CHN,TAIZHOU,4,52.54,2,79,54
FALSE,412440683,,359b993b2-24b2-4f19-a966-c8c315ab8ba7,FU YUAN YU 8675,BZUY5,CHN,fishing,fishing,412440683-359b993b2-24b2-4f19-a966-c8c315ab8ba7-018ef088b578,2024-04-18 09:27:55.000000 UTC,CHN,TAIZHOU,4,49.58,1,107,76
FALSE,412440684,,6970aaf64-4a7f-b1db-b7e9-e86881e15ca5,FU YUAN YU 8676,BZUY6,CHN,fishing,fishing,412440684-6970aaf64-4a7f-b1db-b7e9-e86881e15ca5-018ee12c9090,2024-04-15 09:52:58.000000 UTC,CHN,TAIZHOU,4,52.58,0,82,77
FALSE,412440685,,8a488af23-3445-c221-036c-f6e11818efc8,FU YUAN YU 8677,BZUY7,CHN,fishing,fishing,412440685-8a488af23-3445-c221-036c-f6e11818efc8-018ee1737118,2024-04-15 11:10:23.000000 UTC,CHN,TAIZHOU,4,52.5,1,92,76
FALSE,412440686,,954588171-1158-0702-d267-103aedfc38a6,FU YUAN YU 8678,BZVL8,CHN,fishing,fishing,412440686-954588171-1158-0702-d267-103aedfc38a6-018ee17401a0,2024-04-15 11:11:00.000000 UTC,CHN,TAIZHOU,4,52.5,0,40,9
TRUE,412440697,,959b1d382-2363-06eb-df28-0111e97c99f8,FU YUAN YU8661,BZUW7,CHN,fishing,fishing,412440697-959b1d382-2363-06eb-df28-0111e97c99f8-018f04b80580,2024-04-22 07:32:00.000000 UTC,CHN,TAIZHOU,4,45.67,1,25,4
TRUE,412440698,,c6b60e7a5-5680-85e8-24b8-a1d7cbc84bc1,FU YUAN YU 8662,BZUW8,CHN,fishing,fishing,412440698-c6b60e7a5-5680-85e8-24b8-a1d7cbc84bc1-018ef219ec68,2024-04-18 16:46:09.000000 UTC,CHN,TAIZHOU,4,49.29,3,85,61
FALSE,412440807,9931006,fed0a376d-d79c-fdff-dacb-fc44204f578a,FU YUAN YU 7007,BZU1D,CHN,fishing,fishing,412440807-fed0a376d-d79c-fdff-dacb-fc44204f578a-018ee53606f8,2024-04-16 04:41:47.000000 UTC,KOR,BUSAN,4,51.79,1,104,107
FALSE,412549014,,f73a9b638-86f4-0f3a-7e56-aa14889e8906,DONG YU 1538,BZVA6,CHN,fishing,squid_jigger,412549014-f73a9b638-86f4-0f3a-7e56-aa14889e8906-018fdc4af4f8,2024-06-03 04:10:51.000000 UTC,KOR,BUSAN,4,3.79,0,5,3
FALSE,412549016,9884485,70a864e28-86bd-aa6c-6619-29809ecc9661,ZHAN HAI 001,BZWA3,CHN,fishing,squid_jigger,412549016-70a864e28-86bd-aa6c-6619-29809ecc9661-018fc6ede2f0,2024-05-30 00:37:10.000000 UTC,KOR,BUSAN,4,7.96,0,8,6
FALSE,412549038,,b7c36239b-b113-ec04-272e-32d544528ced,LURONGYUANYUYUN999,BZVE3,CHN,carrier,carrier,412549038-b7c36239b-b113-ec04-272e-32d544528ced-018f9e9e61f8,2024-05-22 04:45:31.000000 UTC,CHN,SHIDAO,4,15.79,6,18,0
FALSE,412549057,,606c8f6a6-6645-037c-5b33-06ddc94b269c,ZHE PU YUAN LENG 7,BZV8S,CHN,carrier,carrier,412549057-606c8f6a6-6645-037c-5b33-06ddc94b269c-018f5c936678,2024-05-09 08:58:35.000000 UTC,CHN,CHN-170,4,28.63,1,17,0
FALSE,412549088,9904168,2e04319f3-312a-46e9-5029-1f9f92b7f2bd,ZHAN HAI 004,BZWD8,CHN,fishing,squid_jigger,412549088-2e04319f3-312a-46e9-5029-1f9f92b7f2bd-018fb9695880,2024-05-27 09:37:20.000000 UTC,KOR,BUSAN,4,10.58,1,10,5
FALSE,412549133,,71e26b0f7-7c79-c2ba-7708-9f7ce6358652,LURONGYUANYU301,BZZU4,CHN,fishing,fishing,412549133-71e26b0f7-7c79-c2ba-7708-9f7ce6358652-018e8f56c038,2024-03-30 12:30:11.000000 UTC,KOR,BUSAN,4,68.46,1,136,122
FALSE,412549135,,733973421-17ee-8d5c-92b4-036314d53725,LU RONG YUAN YU 303,BZZU6,CHN,fishing,fishing,412549135-733973421-17ee-8d5c-92b4-036314d53725-018e92d26dc0,2024-03-31 04:44:08.000000 UTC,KOR,BUSAN,4,67.79,2,136,142
FALSE,412549137,,8a91a894c-c97e-d8b2-6845-fd34e48dc13f,LURONGYUANYU306,BZZU8,CHN,fishing,fishing,412549137-8a91a894c-c97e-d8b2-6845-fd34e48dc13f-018e917840a8,2024-03-30 22:26:01.000000 UTC,KOR,BUSAN,4,68.04,1,120,99
FALSE,412549138,,78c85d12e-e26c-d7c5-da14-04e3582b0804,LURONGYUANYU313,BZZU9,CHN,fishing,fishing,412549138-78c85d12e-e26c-d7c5-da14-04e3582b0804-018730d62fa0,2023-03-30 04:45:56.000000 UTC,CHN,SHIDAO,4,434.79,19,550,500
FALSE,412549166,,4e680e59e-e19d-c08c-6406-59988764847f,XING WANG 99,BZUM5,CHN,carrier,carrier,412549166-4e680e59e-e19d-c08c-6406-59988764847f-018fcdeef260,2024-05-31 09:15:40.000000 UTC,KOR,BUSAN,4,6.58,0,8,0
TRUE,412549267,,782089adb-bba2-42c3-8377-b2a4794aa3df,XIN HAI 1258,BZW7S,CHN,fishing,fishing,412549267-782089adb-bba2-42c3-8377-b2a4794aa3df-018ed1833dd8,2024-04-12 08:53:43.000000 UTC,CHN,CHN-2289,4,55.63,3,98,91
FALSE,412549292,,182141068-8cb2-4514-ffe2-2b4edc733c86,LU PENG YUAN YU 098,BZU6Z,CHN,fishing,squid_jigger,412549292-182141068-8cb2-4514-ffe2-2b4edc733c86-018fb2860a40,2024-05-26 01:31:20.000000 UTC,KOR,BUSAN,4,11.92,0,11,8
FALSE,412549355,9930545,d812ef11e-ec04-257e-e222-e463b42a7f0d,FU YUAN YU 8729,BZW7N,CHN,fishing,fishing,412549355-d812ef11e-ec04-257e-e222-e463b42a7f0d-018ebc35fab0,2024-04-08 05:37:18.000000 UTC,CHN,CHN-2217,3,59.75,3,97,88
FALSE,412549356,9930583,c41a9b65a-a322-f1f8-c78d-1dd5eb6c37ab,FU YUAN YU 8730,BZW8N,CHN,fishing,fishing,412549356-c41a9b65a-a322-f1f8-c78d-1dd5eb6c37ab-018f09b90ae8,2024-04-23 06:51:13.000000 UTC,CHN,TAIZHOU,4,44.71,2,95,96
FALSE,412549358,9930571,4f761ab51-1f52-4686-1799-6a13c0109277,FU YUAN YU 8732,BZW1O,CHN,fishing,fishing,412549358-4f761ab51-1f52-4686-1799-6a13c0109277-018f1bb57178,2024-04-26 18:40:27.000000 UTC,CHN,TAIZHOU,4,41.21,1,88,74
FALSE,412549359,,350afe208-8a86-d0e0-533d-42297c715656,FU YUAN YU 8733,BZW2O,CHN,fishing,fishing,412549359-350afe208-8a86-d0e0-533d-42297c715656-018ee12f76c0,2024-04-15 09:56:08.000000 UTC,CHN,TAIZHOU,4,52.58,1,99,78
TRUE,412549366,9933731,d9bc7809f-f1ce-4fa1-82ed-2f6e434eaa17,FUYUANYU  8638,BZW6V,CHN,fishing,fishing,412549366-d9bc7809f-f1ce-4fa1-82ed-2f6e434eaa17-018ee0a547c0,2024-04-15 07:25:12.000000 UTC,CHN,TAIZHOU,4,52.67,3,102,86
TRUE,412549371,,fd3caead4-4745-dbc4-1130-0370911b8544,FUYUANYU  8642,BZ8VX,CHN,fishing,fishing,412549371-fd3caead4-4745-dbc4-1130-0370911b8544-018ef1261a70,2024-04-18 12:19:50.000000 UTC,CHN,TAIZHOU,4,49.46,3,89,80
TRUE,412549373,,6316db9af-f110-8d4d-b61b-4e43a6971bdd,FUYUANYU 8644,BZ3VX,CHN,fishing,fishing,412549373-6316db9af-f110-8d4d-b61b-4e43a6971bdd-018ef05acb90,2024-04-18 08:37:46.000000 UTC,CHN,TAIZHOU,4,49.63,2,71,83
TRUE,412549374,,6b6ffb4c6-6807-c452-0b7e-db9f171e3b61,FUYUANYU8645,BZW7V,CHN,fishing,fishing,412549374-6b6ffb4c6-6807-c452-0b7e-db9f171e3b61-018ef03e17e8,2024-04-18 08:06:25.000000 UTC,CHN,TAIZHOU,4,49.63,4,94,109
TRUE,412549375,9934589,f46f7a258-828a-8f8f-878e-845e99208dd3,FYUANYU 8646,BZ2VZ,CHN,fishing,fishing,412549375-f46f7a258-828a-8f8f-878e-845e99208dd3-018ef03486b0,2024-04-18 07:55:58.000000 UTC,CHN,TAIZHOU,4,49.67,2,95,113
FALSE,412549473,9861275,912c09db9-9673-7942-3ff4-376280f24538,LURONGYUANYUYUN178,BZYF3,CHN,carrier,carrier,412549473-912c09db9-9673-7942-3ff4-376280f24538-018fc2d53218,2024-05-29 05:31:43.000000 UTC,KOR,BUSAN,4,8.75,4,19,0
FALSE,412549487,8573106,ab44b2173-3e08-51c7-30a6-5c80b493e68b,FU YUAN YU 8281,BZW1Z,CHN,fishing,fishing,412549487-ab44b2173-3e08-51c7-30a6-5c80b493e68b-018eaca72d08,2024-04-05 05:07:01.000000 UTC,KOR,BUSAN,4,62.75,2,122,161
FALSE,412549488,8573118,1ab4dabcf-fd7e-f79d-10d0-8aa19023ca7a,FU YUAN YU 8282,BZW2Z,CHN,fishing,fishing,412549488-1ab4dabcf-fd7e-f79d-10d0-8aa19023ca7a-018e9e0cecd8,2024-04-02 09:03:51.000000 UTC,KOR,BUSAN,4,65.58,3,130,202
FALSE,412549489,8573120,fafef5664-44b7-e789-5a28-82b1434f965a,FUYUANYU8283,BZW3Z,CHN,fishing,fishing,412549489-fafef5664-44b7-e789-5a28-82b1434f965a-018e9f406f80,2024-04-02 14:39:44.000000 UTC,KOR,BUSAN,4,65.38,0,93,133
FALSE,412549491,8573132,a55283248-86c3-36a8-0318-47c65a29aef0,FU YUAN YU 8285,BZW5Z,CHN,fishing,fishing,412549491-a55283248-86c3-36a8-0318-47c65a29aef0-018ea11a01e0,2024-04-02 23:17:00.000000 UTC,KOR,BUSAN,4,65,2,109,176
FALSE,412549492,8573144,dcdffe911-16aa-73f8-7587-25af5e914589,FUYUANYU8286,BZW6Z,CHN,fishing,fishing,412549492-dcdffe911-16aa-73f8-7587-25af5e914589-018e9d84cd30,2024-04-02 06:35:10.000000 UTC,KOR,BUSAN,4,65.71,1,119,149
FALSE,412549493,8573156,2d2b850bf-f0b7-e902-2ca4-3d0725dfd404,FU YUAN YU 8287,BZW7Z,CHN,fishing,fishing,412549493-2d2b850bf-f0b7-e902-2ca4-3d0725dfd404-018ea11b2ea8,2024-04-02 23:18:17.000000 UTC,KOR,BUSAN,4,65,2,130,160
FALSE,412549495,8573168,5f0bb5ac3-3daf-f758-010a-d3e10b2c2ba5,FUYUANYU8288,BZW8Z,CHN,fishing,fishing,412549495-5f0bb5ac3-3daf-f758-010a-d3e10b2c2ba5-018e9e291bb0,2024-04-02 09:34:38.000000 UTC,KOR,BUSAN,4,65.58,2,113,182
FALSE,412549496,8573170,b03025fa9-98c5-323b-8273-81da1edeb5f6,FUYUANYU8289,BZW9Z,CHN,fishing,fishing,412549496-b03025fa9-98c5-323b-8273-81da1edeb5f6-018e9ea70de0,2024-04-02 11:52:12.000000 UTC,KOR,BUSAN,4,65.5,2,122,168
FALSE,412549497,9929156,26876cd96-6cfa-b355-a348-63995ebf558f,FUYUANYU8290,BZW4Z,CHN,fishing,fishing,412549497-26876cd96-6cfa-b355-a348-63995ebf558f-018ea121b2a0,2024-04-02 23:25:24.000000 UTC,KOR,BUSAN,4,65,1,126,168
FALSE,412549498,9929168,f1b303084-4fd6-4063-f4f2-3340564bc307,FUYUANYU8291,BZW1X,CHN,fishing,fishing,412549498-f1b303084-4fd6-4063-f4f2-3340564bc307-018e9d9f5240,2024-04-02 07:04:08.000000 UTC,KOR,BUSAN,4,65.67,3,126,165
FALSE,412549507,9930997,38e7e78e4-46ea-a1c3-fd49-72cd64140842,FU YUAN YU 7008,BZU2D,CHN,fishing,fishing,412549507-38e7e78e4-46ea-a1c3-fd49-72cd64140842-018ee603d290,2024-04-16 08:26:34.000000 UTC,KOR,BUSAN,4,51.63,0,104,103
FALSE,412549508,9930868,2ffd83caf-f9a5-24d6-5aef-859090b2c5c2,FU YUAN YU 7009,BZU3D,CHN,fishing,fishing,412549508-2ffd83caf-f9a5-24d6-5aef-859090b2c5c2-018ee6edadc0,2024-04-16 12:42:00.000000 UTC,KOR,BUSAN,4,51.46,1,103,127
FALSE,412549509,9930870,669489d81-1c77-0e31-7b1e-41069a47ab3e,FU YUAN YU 7010,BZU4D,CHN,fishing,fishing,412549509-669489d81-1c77-0e31-7b1e-41069a47ab3e-018ee79a9b48,2024-04-16 15:50:53.000000 UTC,KOR,BUSAN,4,51.33,0,107,73
FALSE,412549511,9930882,4cf88a58e-ea57-81fb-1df7-bf9bb0c23453,FU YUAN YU 7011,BZU5D,CHN,fishing,fishing,412549511-4cf88a58e-ea57-81fb-1df7-bf9bb0c23453-018ee5aa2d58,2024-04-16 06:48:39.000000 UTC,KOR,BUSAN,4,51.71,1,106,82
FALSE,412549512,9930894,e926d3ad6-6ace-207a-0c55-1d6dabeb28ad,FU YUAN YU 7012,BZU6D,CHN,fishing,fishing,412549512-e926d3ad6-6ace-207a-0c55-1d6dabeb28ad-018ee6262f70,2024-04-16 09:04:06.000000 UTC,KOR,BUSAN,4,51.58,1,88,83
FALSE,412549513,8792166,3d96ab623-3078-c904-79a9-dcd7280a0925,FU YUAN YU YUN 088,BZ9UQ,CHN,carrier,carrier,412549513-3d96ab623-3078-c904-79a9-dcd7280a0925-018dea248b40,2024-02-27 10:38:00.000000 UTC,CHN,FUZHOU,3,100.54,0,0,0
TRUE,412549515,9920954,5e825d3fe-ee7e-c37a-1d20-24d328ddd8b9,FU YUAN YU YUN 991,BZ2US,CHN,carrier,carrier,412549515-5e825d3fe-ee7e-c37a-1d20-24d328ddd8b9-018d19dd48c8,2024-01-17 23:59:09.000000 UTC,CHN,HONGKONG,4,141,14,78,0
TRUE,412549528,8537360,b7f72689e-ec06-1971-a0ca-45356139c1bc,XIN HAI LENG 1,BZT08,CHN,carrier,carrier,412549528-b7f72689e-ec06-1971-a0ca-45356139c1bc-018f60e207e8,2024-05-10 05:02:57.000000 UTC,CHN,CHN-2289,4,27.75,13,48,0
FALSE,412549529,,9f95d7d5b-bade-4866-935b-66025e70e8b5,XIN HAI LENG 2,BZTO9,CHN,carrier,carrier,412549529-9f95d7d5b-bade-4866-935b-66025e70e8b5-018fbce442b8,2024-05-28 01:50:27.000000 UTC,CHN,ZHOUSHAN,4,9.92,0,6,0
TRUE,412549556,8607244,b47d73bc2-2ed4-e645-4a52-705ce3584e01,HAILI,BIWV,CHN,carrier,carrier,412549556-b47d73bc2-2ed4-e645-4a52-705ce3584e01-018f1edbdec8,2024-04-27 09:21:17.000000 UTC,KOR,BUSAN,4,40.58,3,30,77
FALSE,412699210,,5f73bcce1-1a19-7876-985e-096397ae0437,MING HUA,BZ7UI,CHN,fishing,squid_jigger,412699210-5f73bcce1-1a19-7876-985e-096397ae0437-018fa995f828,2024-05-24 07:52:09.000000 UTC,CHN,CHN-170,4,13.67,0,3,0
FALSE,412699220,,337e703b6-602a-fba7-4a6e-00e56fee02e8,MING MAO,BZ8UI,CHN,fishing,squid_jigger,412699220-337e703b6-602a-fba7-4a6e-00e56fee02e8-018fa98c99b8,2024-05-24 07:41:55.000000 UTC,CHN,CHN-170,4,13.67,0,13,6
FALSE,412699820,,3c2773a07-7daa-3dba-f1bd-239bda6b2c9e,HUA YING 207,BZ4UM,CHN,fishing,squid_jigger,412699820-3c2773a07-7daa-3dba-f1bd-239bda6b2c9e-018faf4381a0,2024-05-25 10:19:48.000000 UTC,CHN,ZHOUSHAN,4,12.54,1,9,6
FALSE,413459180,9787716,b1337cf7d-d652-70fd-138c-9e11877ea8bc,YONG FA YUN 10,BLBM9,CHN,carrier,carrier,413459180-b1337cf7d-d652-70fd-138c-9e11877ea8bc-018fd33b9b10,2024-06-01 09:57:30.000000 UTC,KOR,BUSAN,4,5.58,4,6,0
FALSE,413558350,,44a3d99fc-c88a-4b9f-609a-eb57dc0000fa,HANTANGGUANDONG,,CHN,fishing,other_purse_seines,413558350-44a3d99fc-c88a-4b9f-609a-eb57dc0000fa-0190237db7c0,2024-06-16 23:59:20.000000 UTC,CHN,ZHENJIANG,3,-9.96,0,0,0
FALSE,416000205,,36c970d03-3c07-1c3f-1fdd-12351843fa3e,MAN I FENG NO.22,BJ4483,TWN,fishing,drifting_longlines,416000205-36c970d03-3c07-1c3f-1fdd-12351843fa3e-018febd47b10,2024-06-06 04:35:22.000000 UTC,TWN,DONGGANG,4,0.79,0,0,0
TRUE,416000206,,d6d94f8ad-d1d8-c728-f44f-a4d636798386,BJ4482,BJ4482,TWN,fishing,fishing,416000206-d6d94f8ad-d1d8-c728-f44f-a4d636798386-018f1939af90,2024-04-26 07:06:02.000000 UTC,TWN,DONGGANG,4,41.67,1,36,40
FALSE,416000237,,023089867-7010-d739-f2e8-bd5e7e4643e0,LIAN HER FA,BJ4681,TWN,fishing,drifting_longlines,416000237-023089867-7010-d739-f2e8-bd5e7e4643e0-018edf3fcc20,2024-04-15 00:54:44.000000 UTC,TWN,DONGGANG,4,52.96,0,43,8
FALSE,416001414,,94504e3f2-2a26-0dc5-187d-6c2e6b9b3e72,MAN YI NO 168,BJ4651,TWN,fishing,drifting_longlines,416001414-94504e3f2-2a26-0dc5-187d-6c2e6b9b3e72-018de3321de8,2024-02-26 02:15:29.000000 UTC,TWN,SUAO,4,101.88,0,71,205
TRUE,416001799,,c83849dd3-3e9f-fb9d-d744-02dd96dd9bfc,HORNG YIH FWU NO.628,BJ4570,TWN,fishing,drifting_longlines,416001799-c83849dd3-3e9f-fb9d-d744-02dd96dd9bfc-018e219fa758,2024-03-09 05:11:35.000000 UTC,TWN,SUAO,4,89.75,7,82,136
FALSE,416001833,,871448bb9-971e-0372-b9bb-9474b02e1b2d,CHINLONGFA,BJ4744,TWN,fishing,drifting_longlines,416001833-871448bb9-971e-0372-b9bb-9474b02e1b2d-018f5ad566b0,2024-05-09 00:51:26.000000 UTC,TWN,DONGGANG,4,28.96,2,33,57
FALSE,416001965,,471c8b4ba-adda-cd14-bc71-221986a401df,JIN LONG YU NO.128,BJ4687,TWN,fishing,drifting_longlines,416001965-471c8b4ba-adda-cd14-bc71-221986a401df-018f7a4613a0,2024-05-15 03:22:44.000000 UTC,TWN,DONGGANG,4,22.83,0,16,41
FALSE,416002117,,5dbe25d5b-bb0b-8df0-b95e-033cf7fc8e59,SHENG YU,BJ4071,TWN,fishing,drifting_longlines,416002117-5dbe25d5b-bb0b-8df0-b95e-033cf7fc8e59-018f65406898,2024-05-11 01:24:31.000000 UTC,TWN,LIUQIU,4,26.92,0,26,57
TRUE,416002147,,dfa3a5b77-7a61-1233-e4e0-33c3a4948f9f,JIN JAAN SHYANG NO.8,BJ4756,TWN,fishing,drifting_longlines,416002147-dfa3a5b77-7a61-1233-e4e0-33c3a4948f9f-018f89ad8328,2024-05-18 03:10:01.000000 UTC,TWN,DONGGANG,4,19.83,0,21,15
TRUE,416002149,,d130bcd21-1f97-f5ec-0c87-d33854826fcd,JIN JAAN SHYANG NO68,BJ4498,TWN,fishing,drifting_longlines,416002149-d130bcd21-1f97-f5ec-0c87-d33854826fcd-018f93936308,2024-05-20 01:17:41.000000 UTC,TWN,LIUQIU,4,17.92,0,14,36
FALSE,416002216,,d01cb93bb-be5f-f099-e72d-cf084c068035,CHERNG YIH MAAN,BJ4767,TWN,fishing,drifting_longlines,416002216-d01cb93bb-be5f-f099-e72d-cf084c068035-018f8413aca8,2024-05-17 01:03:53.000000 UTC,TWN,LIUQIU,4,20.92,0,16,40
TRUE,416002231,,6a8655e6b-bec2-769c-2076-8361dc254bf2,JIN JAAN SHYANGNO168,BJ4773,TWN,fishing,drifting_longlines,416002231-6a8655e6b-bec2-769c-2076-8361dc254bf2-018f938be128,2024-05-20 01:09:29.000000 UTC,TWN,LIUQIU,4,17.92,0,13,42
FALSE,416002291,,a03f1cb91-19d8-c564-8ae7-69521f8d59b7,JINN FWU TSAIR NO.66,BJ4785,TWN,fishing,drifting_longlines,416002291-a03f1cb91-19d8-c564-8ae7-69521f8d59b7-018f0dba20c8,2024-04-24 01:30:53.000000 UTC,TWN,DONGGANG,4,43.92,0,47,95
FALSE,416002557,,bd6ebd84f-f2e2-61e5-d1d2-3e517bea5e51,YOU HER FA,BJ5208,TWN,fishing,drifting_longlines,416002557-bd6ebd84f-f2e2-61e5-d1d2-3e517bea5e51-018f749de540,2024-05-14 01:00:56.000000 UTC,TWN,DONGGANG,4,23.92,0,24,31
FALSE,416002605,,f9d8387c5-5563-160f-058b-00a2b42bb6d8,YU CHUN NO166,BJ4837,TWN,fishing,drifting_longlines,416002605-f9d8387c5-5563-160f-058b-00a2b42bb6d8-018f8e4df5e8,2024-05-19 00:43:45.000000 UTC,TWN,LIUQIU,4,18.96,0,13,36
FALSE,416002747,,7c3a9091b-bf9f-e0d0-077e-e38f1ee3c5c1,FWU TSAIR YIH NO.1,BJ4855,TWN,fishing,drifting_longlines,416002747-7c3a9091b-bf9f-e0d0-077e-e38f1ee3c5c1-018f03b90ff8,2024-04-22 02:53:31.000000 UTC,TWN,DONGGANG,4,45.88,2,45,93
TRUE,416002826,,0ce2e804d-d0df-9df6-60e1-6f2ac169eff1,LIAN YU FA NO.2,BJ4865,TWN,fishing,drifting_longlines,416002826-0ce2e804d-d0df-9df6-60e1-6f2ac169eff1-01901a099128,2024-06-15 03:55:53.000000 UTC,TWN,SUAO,3,-8.13,0,0,0
FALSE,416002938,,8d2401eaa-ad1c-1017-2dfa-96bccbf80b1c,JIN MAN XIANG NO.36,,TWN,fishing,set_longlines,416002938-8d2401eaa-ad1c-1017-2dfa-96bccbf80b1c-018f17a3d520,2024-04-25 23:42:44.000000 UTC,TWN,DONGGANG,4,42,1,40,66
FALSE,416003205,,a0ebbf380-0ba4-8b8d-0a8b-25df3bb9d62e,LIEN YU FA NO 66,BJ4584,TWN,fishing,drifting_longlines,416003205-a0ebbf380-0ba4-8b8d-0a8b-25df3bb9d62e-018e2aedb408,2024-03-11 00:33:25.000000 UTC,TWN,DONGGANG,4,87.96,35,84,225
FALSE,416003315,,702b325e5-58d5-4b68-bce3-a55f3aa71d2e,SHUN YI SIN,BJ4995,TWN,fishing,drifting_longlines,416003315-702b325e5-58d5-4b68-bce3-a55f3aa71d2e-018eef2d9248,2024-04-18 03:08:45.000000 UTC,TWN,DONGGANG,4,49.83,2,55,97
FALSE,416004105,,8e8b533d2-23a8-8604-330a-f108818ec326,XING HUA SHENG 686,BI 2602,TWN,fishing,squid_jigger,416004105-8e8b533d2-23a8-8604-330a-f108818ec326-018fb8b717b0,2024-05-27 06:22:38.000000 UTC,TWN,KAOHSIUNG,4,10.71,0,8,5
FALSE,416004186,8682098,8727f5812-2640-3e97-0232-b752eee56c51,HUA SHENG NO.636,BI2606,TWN,fishing,squid_jigger,416004186-8727f5812-2640-3e97-0232-b752eee56c51-018fb7f40248,2024-05-27 02:49:33.000000 UTC,KOR,BUSAN,4,10.88,0,11,7
FALSE,416004363,,86747ee66-6fb3-238d-5361-a2a6505cdb65,JIA CHENG NO.168,BJ5087,TWN,fishing,drifting_longlines,416004363-86747ee66-6fb3-238d-5361-a2a6505cdb65-018de8722ff0,2024-02-27 02:43:34.000000 UTC,TWN,SUAO,4,100.88,0,90,237
TRUE,416227600,,3140e9468-8c50-c165-7f35-a99a3b2550af,YOU JI YI,BJ5003,TWN,fishing,drifting_longlines,416227600-3140e9468-8c50-c165-7f35-a99a3b2550af-018f3c14ef20,2024-05-03 01:32:36.000000 UTC,TWN,DONGGANG,4,34.92,2,27,78
FALSE,416227800,,44f46638f-fb41-95ca-4eca-2acc0247013d,,BJ5004,TWN,fishing,drifting_longlines,416227800-44f46638f-fb41-95ca-4eca-2acc0247013d-018f08b8a630,2024-04-23 02:11:10.000000 UTC,TWN,DONGGANG,4,44.88,1,40,90
FALSE,416233800,8682062,a28f3f51c-cb7d-32eb-58f3-31c4b187b530,XING HUA SHENG NO616,BI2600,TWN,fishing,squid_jigger,416233800-a28f3f51c-cb7d-32eb-58f3-31c4b187b530-018fa8d8f188,2024-05-24 04:25:41.000000 UTC,TWN,KAOHSIUNG,4,13.79,0,8,7
FALSE,416236800,8682074,5f6f5b9c2-2517-9f7a-2754-69b6cde7724f,XING HUA SHENG NO669,BI2609,TWN,fishing,squid_jigger,416236800-5f6f5b9c2-2517-9f7a-2754-69b6cde7724f-0190015ea028,2024-06-10 08:58:17.000000 UTC,KOR,BUSAN,4,-3.33,0,0,0
FALSE,431000159,,7760513fd-dd9f-4b57-cdb8-c2dccc5de509,DAISHI MARU NO.78,JD2354,JPN,carrier,carrier,431000159-7760513fd-dd9f-4b57-cdb8-c2dccc5de509-019022e6c338,2024-06-16 21:14:27.000000 UTC,JPN,KESENNUMA,3,-9.88,0,0,0
FALSE,431000820,,8814797e0-0ad2-8d2c-4c54-c822ea2b2d95,GENEIMARU NO62,,JPN,fishing,squid_jigger,431000820-8814797e0-0ad2-8d2c-4c54-c822ea2b2d95-018fc6f2b938,2024-05-30 00:42:27.000000 UTC,JPN,HACHINOHE,3,7.96,0,8,7
FALSE,431002015,,be347c8b6-666e-9c78-b504-4bc59c408f54,DAISHIMARU NO.16,,JPN,fishing,purse_seines,431002015-be347c8b6-666e-9c78-b504-4bc59c408f54-0190237c5c18,2024-06-16 23:57:51.000000 UTC,JPN,SHIOGAMA,3,-9.96,0,0,0
FALSE,431003491,,db80c113e-e270-bf6e-b06d-4b18dcf4291a,EIYUMARU NO.28,,JPN,fishing,drifting_longlines,431003491-db80c113e-e270-bf6e-b06d-4b18dcf4291a-018fdbcf8b38,2024-06-03 01:56:03.000000 UTC,JPN,CHOSHI,4,3.92,0,11,19
FALSE,431014878,,bf705e46f-fe37-e09d-3b32-bb1155e6d5d0,TAIKO MARU NO.37,,JPN,fishing,drifting_longlines,431014878-bf705e46f-fe37-e09d-3b32-bb1155e6d5d0-018fd1f93bb8,2024-06-01 04:05:23.000000 UTC,JPN,CHOSHI,4,5.79,0,4,18
FALSE,431046000,,8dbd95455-5c5a-831f-bb5b-8a960c0622c9,KOEIMARU,JH3463,JPN,fishing,pole_and_line,431046000-8dbd95455-5c5a-831f-bb5b-8a960c0622c9-0190237e3c90,2024-06-16 23:59:54.000000 UTC,JPN,KESENNUMA,3,-9.96,0,0,0
FALSE,431069000,,ea98f409f-fbda-ef33-da76-b99918278909,SAGAMYOJINMARU NO.88,7KCP,JPN,fishing,pole_and_line,431069000-ea98f409f-fbda-ef33-da76-b99918278909-019022f9b6c8,2024-06-16 21:35:09.000000 UTC,JPN,JPN-488,4,-9.88,0,0,0
FALSE,431171000,,a3275946c-cc38-5731-791a-2c52feb9b1b6,ASAHI MARU NO8,JDYL,JPN,fishing,pole_and_line,431171000-a3275946c-cc38-5731-791a-2c52feb9b1b6-018fc2dcac28,2024-05-29 05:39:53.000000 UTC,JPN,ONAGAWA,4,8.75,0,7,37
FALSE,431200060,,b02699299-9eb9-f497-6a33-140021acbc7f,EISEIMARU NO.8,JEED,JPN,fishing,pole_and_line,431200060-b02699299-9eb9-f497-6a33-140021acbc7f-018fcdf12cb0,2024-05-31 09:18:06.000000 UTC,JPN,YAIZU,4,6.58,0,11,8
FALSE,431200170,,b3c17864d-d928-4d6d-7394-6bd23c473a2b,SENSHOMARU NO.1,JH3414,JPN,fishing,pole_and_line,431200170-b3c17864d-d928-4d6d-7394-6bd23c473a2b-01900f8e4b30,2024-06-13 03:05:02.000000 UTC,JPN,JPN-488,4,-6.13,0,1,0
FALSE,431200970,,c20939f70-01a7-5612-a572-d2060aa95d83,EISEI MARU NO.31,JJCP,JPN,fishing,pole_and_line,431200970-c20939f70-01a7-5612-a572-d2060aa95d83-018fd2a5fe48,2024-06-01 07:14:05.000000 UTC,JPN,ISHINOMAKI,4,5.67,0,13,3
FALSE,431255000,9775189,857bc389a-a39c-4fe7-8af9-e569262d6a5d,NIKKOMARU NO111,7JUT,JPN,fishing,pole_and_line,431255000-857bc389a-a39c-4fe7-8af9-e569262d6a5d-018fcd42c828,2024-05-31 06:07:37.000000 UTC,JPN,ONAGAWA,4,6.71,0,4,38
FALSE,431426000,,61595429f-f498-634b-a297-7a0332779449,CHOKYUMARU NO.23,JH3483,JPN,fishing,pole_and_line,431426000-61595429f-f498-634b-a297-7a0332779449-0190232648f0,2024-06-16 22:23:50.000000 UTC,JPN,KESENNUMA,3,-9.92,0,0,0
FALSE,431501170,,c443c4f7e-ed64-ae28-e923-b58a35644087,NO.33 KAIENMARU,,JPN,fishing,drifting_longlines,431501170-c443c4f7e-ed64-ae28-e923-b58a35644087-0190196492e0,2024-06-15 00:55:40.000000 UTC,JPN,KESENNUMA,4,-8,0,0,0
FALSE,431579000,,ade2fd018-8acc-7a73-5e08-47e28604ab4f,MEIHO MARU NO37,7KAV,JPN,fishing,pole_and_line,431579000-ade2fd018-8acc-7a73-5e08-47e28604ab4f-018fe4809c68,2024-06-04 18:26:25.000000 UTC,JPN,ISHINOMAKI,4,2.21,0,7,32
FALSE,431602570,,6a2183f64-4952-9275-bbef-60b2947bc023,FUKUTOKUMARU NO.78,JM6655,JPN,fishing,pole_and_line,431602570-6a2183f64-4952-9275-bbef-60b2947bc023-01901e1db5f0,2024-06-15 22:56:22.000000 UTC,JPN,KESENNUMA,4,-8.92,0,0,0
FALSE,431693000,9115274,a8fc89773-3e6b-5dc0-9378-66050c16138f,SHOEI MARU NO.18,JFFX,JPN,fishing,pole_and_line,431693000-a8fc89773-3e6b-5dc0-9378-66050c16138f-018f98e01770,2024-05-21 01:59:34.000000 UTC,JPN,ISHINOMAKI,4,16.92,0,12,43
FALSE,431700719,,0c263e565-55bf-e173-7e03-9409426f58c0,NO.83GENEIMARU,,JPN,fishing,squid_jigger,431700719-0c263e565-55bf-e173-7e03-9409426f58c0-018fc6f09a40,2024-05-30 00:40:08.000000 UTC,JPN,HACHINOHE,4,7.96,0,8,7
FALSE,431704470,,408015040-075b-306b-8744-839c1ecc86b2,GENEIMARU NO.12,,JPN,fishing,squid_jigger,431704470-408015040-075b-306b-8744-839c1ecc86b2-018fd65202d0,2024-06-02 00:20:50.000000 UTC,JPN,HACHINOHE,4,4.96,0,4,4
FALSE,431769000,,5d2644d71-1f0a-de8c-1320-1d35c29cab5d,NIKKO MARU NO.1,JEIK,JPN,fishing,pole_and_line,431769000-5d2644d71-1f0a-de8c-1320-1d35c29cab5d-018f8e71a2b8,2024-05-19 01:22:43.000000 UTC,JPN,ISHINOMAKI,4,18.92,0,16,48
FALSE,431782000,,f1135590d-d52f-092f-55a3-17e0e193326d,KESEN MARU,,JPN,fishing,drifting_longlines,431782000-f1135590d-d52f-092f-55a3-17e0e193326d-01901f194078,2024-06-16 03:31:07.000000 UTC,JPN,KESENNUMA,4,-9.13,0,0,0
FALSE,431795000,9128697,65be4b21f-f600-8bda-ec6b-ef51f983799d,KIYO  MARU NO28,JDPA,JPN,fishing,pole_and_line,431795000-65be4b21f-f600-8bda-ec6b-ef51f983799d-018fcd43ed20,2024-05-31 06:08:52.000000 UTC,JPN,ISHINOMAKI,4,6.71,0,7,18
FALSE,431903000,9156747,ae31ded75-5106-9472-8da7-4182697dd1c6,NO83INARIMARU,JHQK,JPN,fishing,pole_and_line,431903000-ae31ded75-5106-9472-8da7-4182697dd1c6-018e5ed15180,2024-03-21 02:22:40.000000 UTC,JPN,NAGASAKI,4,77.88,0,30,90
FALSE,431914000,,81139e17c-cfaf-267b-cbd8-872b6fc6a8ee,KIYO MARU NO.18,JBSW,JPN,fishing,pole_and_line,431914000-81139e17c-cfaf-267b-cbd8-872b6fc6a8ee-018fe5bfdee0,2024-06-05 00:15:08.000000 UTC,JPN,ISHINOMAKI,4,1.96,0,6,8
FALSE,431935000,9162576,9c893939e-e954-021b-f94e-a1c97fb94098,NIKKO MARU NO51,JFJX,JPN,fishing,pole_and_line,431935000-9c893939e-e954-021b-f94e-a1c97fb94098-018fc2538ab0,2024-05-29 03:10:06.000000 UTC,JPN,OFUNATO,4,8.83,0,10,35
FALSE,432138000,,ce525741b-b83c-3c9d-b2e1-67423ea04231,DAISHI MARU NO.8,JH3442,JPN,fishing,tuna_purse_seines,432138000-ce525741b-b83c-3c9d-b2e1-67423ea04231-0190237b5a48,2024-06-16 23:56:45.000000 UTC,JPN,SHIOGAMA,3,-9.96,0,0,0
FALSE,432288000,9238947,7144ae6d7-790b-d8e4-cddb-9cda621063e9,RIASUMARU,JPYT,JPN,fishing,fishing,432288000-7144ae6d7-790b-d8e4-cddb-9cda621063e9-018fe71be0b8,2024-06-05 06:35:15.000000 UTC,JPN,MIYAKO,4,1.71,0,0,21
FALSE,432507000,9326263,ae6658437-7ca3-30f3-f014-f554c1eb0b9b,INARIMARU NO.85,7JAN,JPN,fishing,pole_and_line,432507000-ae6658437-7ca3-30f3-f014-f554c1eb0b9b-01901b331538,2024-06-15 09:20:51.000000 UTC,JPN,ONAGAWA,4,-8.38,0,0,0
FALSE,432561000,,ea44acf90-067e-754f-c8f9-dedc7cffc89a,KOUEI_MARU_NO.31,JD2294,JPN,fishing,drifting_longlines,432561000-ea44acf90-067e-754f-c8f9-dedc7cffc89a-019023433730,2024-06-16 22:55:26.000000 UTC,JPN,KESENNUMA,3,-9.92,0,0,0
FALSE,432776000,,26dcd72f9-9e69-e0b2-798b-b55ebc46e17d,YUKIMARU NO17,,JPN,fishing,drifting_longlines,432776000-26dcd72f9-9e69-e0b2-798b-b55ebc46e17d-018fe11e9d18,2024-06-04 02:40:31.000000 UTC,JPN,KESENNUMA,4,2.88,0,7,5
FALSE,432907000,,0ef84024d-da6b-a49e-301d-cee9a9fc8ea3,TAIKIMARU NO.81,7JOB,JPN,fishing,drifting_longlines,432907000-0ef84024d-da6b-a49e-301d-cee9a9fc8ea3-018fdc26e680,2024-06-03 03:31:28.000000 UTC,JPN,KESENNUMA,4,3.83,0,10,9
FALSE,440216000,9041928,d35930a47-780b-52a8-a645-937269371f28,102KUMYANG,6LZQ,KOR,fishing,squid_jigger,440216000-d35930a47-780b-52a8-a645-937269371f28-018fb92a9230,2024-05-27 08:28:46.000000 UTC,KOR,BUSAN,4,10.63,0,9,8